timestamp,payment_latency_ms
2026-01-01T00:00:00,201.219
2026-01-01T00:01:00,195.907
2026-01-01T00:02:00,203.135
2026-01-01T00:03:00,203.962
2026-01-01T00:04:00,192.462
2026-01-01T00:05:00,195.124
2026-01-01T00:06:00,200.910
2026-01-01T00:07:00,199.200
2026-01-01T00:08:00,200.463
2026-01-01T00:09:00,197.184
2026-01-01T00:10:00,204.179
2026-01-01T00:11:00,203.837
2026-01-01T00:12:00,201.055
2026-01-01T00:13:00,205.364
2026-01-01T00:14:00,202.788
2026-01-01T00:15:00,197.544
2026-01-01T00:16:00,202.519
2026-01-01T00:17:00,197.271
2026-01-01T00:18:00,204.682
2026-01-01T00:19:00,201.030
2026-01-01T00:20:00,200.550
2026-01-01T00:21:00,198.626
2026-01-01T00:22:00,206.299
2026-01-01T00:23:00,200.849
2026-01-01T00:24:00,199.812
2026-01-01T00:25:00,200.174
2026-01-01T00:26:00,203.768
2026-01-01T00:27:00,203.156
2026-01-01T00:28:00,203.399
2026-01-01T00:29:00,203.526
2026-01-01T00:30:00,210.422
2026-01-01T00:31:00,200.281
2026-01-01T00:32:00,199.909
2026-01-01T00:33:00,198.753
2026-01-01T00:34:00,204.521
2026-01-01T00:35:00,206.621
2026-01-01T00:36:00,201.696
2026-01-01T00:37:00,198.837
2026-01-01T00:38:00,198.945
2026-01-01T00:39:00,204.889
2026-01-01T00:40:00,205.302
2026-01-01T00:41:00,204.543
2026-01-01T00:42:00,199.749
2026-01-01T00:43:00,203.379
2026-01-01T00:44:00,202.955
2026-01-01T00:45:00,203.399
2026-01-01T00:46:00,206.046
2026-01-01T00:47:00,203.488
2026-01-01T00:48:00,205.342
2026-01-01T00:49:00,202.929
2026-01-01T00:50:00,203.845
2026-01-01T00:51:00,205.243
2026-01-01T00:52:00,196.916
2026-01-01T00:53:00,201.493
2026-01-01T00:54:00,200.915
2026-01-01T00:55:00,1096.831
2026-01-01T00:56:00,201.741
2026-01-01T00:57:00,208.842
2026-01-01T00:58:00,199.418
2026-01-01T00:59:00,206.773
2026-01-01T01:00:00,196.184
2026-01-01T01:01:00,201.591
2026-01-01T01:02:00,203.595
2026-01-01T01:03:00,205.301
2026-01-01T01:04:00,205.812
2026-01-01T01:05:00,206.149
2026-01-01T01:06:00,201.589
2026-01-01T01:07:00,201.141
2026-01-01T01:08:00,206.427
2026-01-01T01:09:00,202.233
2026-01-01T01:10:00,197.897
2026-01-01T01:11:00,198.467
2026-01-01T01:12:00,199.321
2026-01-01T01:13:00,204.985
2026-01-01T01:14:00,203.562
2026-01-01T01:15:00,205.748
2026-01-01T01:16:00,201.270
2026-01-01T01:17:00,203.605
2026-01-01T01:18:00,205.463
2026-01-01T01:19:00,201.712
2026-01-01T01:20:00,204.763
2026-01-01T01:21:00,200.274
2026-01-01T01:22:00,201.453
2026-01-01T01:23:00,201.361
2026-01-01T01:24:00,198.086
2026-01-01T01:25:00,204.797
2026-01-01T01:26:00,200.950
2026-01-01T01:27:00,202.855
2026-01-01T01:28:00,204.704
2026-01-01T01:29:00,204.541
2026-01-01T01:30:00,205.389
2026-01-01T01:31:00,202.306
2026-01-01T01:32:00,200.977
2026-01-01T01:33:00,202.320
2026-01-01T01:34:00,195.857
2026-01-01T01:35:00,196.784
2026-01-01T01:36:00,197.247
2026-01-01T01:37:00,198.513
2026-01-01T01:38:00,204.063
2026-01-01T01:39:00,198.804
2026-01-01T01:40:00,200.873
2026-01-01T01:41:00,207.542
2026-01-01T01:42:00,200.877
2026-01-01T01:43:00,205.209
2026-01-01T01:44:00,198.480
2026-01-01T01:45:00,201.348
2026-01-01T01:46:00,198.323
2026-01-01T01:47:00,200.719
2026-01-01T01:48:00,205.388
2026-01-01T01:49:00,195.067
2026-01-01T01:50:00,203.664
2026-01-01T01:51:00,202.825
2026-01-01T01:52:00,199.445
2026-01-01T01:53:00,195.984
2026-01-01T01:54:00,202.003
2026-01-01T01:55:00,199.541
2026-01-01T01:56:00,202.534
2026-01-01T01:57:00,201.634
2026-01-01T01:58:00,207.896
2026-01-01T01:59:00,200.473
2026-01-01T02:00:00,197.278
2026-01-01T02:01:00,202.029
2026-01-01T02:02:00,202.132
2026-01-01T02:03:00,206.628
2026-01-01T02:04:00,204.470
2026-01-01T02:05:00,202.495
2026-01-01T02:06:00,206.858
2026-01-01T02:07:00,196.187
2026-01-01T02:08:00,198.319
2026-01-01T02:09:00,197.108
2026-01-01T02:10:00,199.191
2026-01-01T02:11:00,195.179
2026-01-01T02:12:00,203.161
2026-01-01T02:13:00,199.666
2026-01-01T02:14:00,194.606
2026-01-01T02:15:00,196.361
2026-01-01T02:16:00,201.611
2026-01-01T02:17:00,203.643
2026-01-01T02:18:00,208.211
2026-01-01T02:19:00,211.813
2026-01-01T02:20:00,201.749
2026-01-01T02:21:00,196.067
2026-01-01T02:22:00,191.430
2026-01-01T02:23:00,200.962
2026-01-01T02:24:00,196.573
2026-01-01T02:25:00,198.097
2026-01-01T02:26:00,197.244
2026-01-01T02:27:00,199.063
2026-01-01T02:28:00,203.824
2026-01-01T02:29:00,200.122
2026-01-01T02:30:00,198.794
2026-01-01T02:31:00,195.220
2026-01-01T02:32:00,192.599
2026-01-01T02:33:00,197.288
2026-01-01T02:34:00,198.954
2026-01-01T02:35:00,206.177
2026-01-01T02:36:00,199.563
2026-01-01T02:37:00,202.910
2026-01-01T02:38:00,196.919
2026-01-01T02:39:00,194.115
2026-01-01T02:40:00,949.704
2026-01-01T02:41:00,195.832
2026-01-01T02:42:00,207.186
2026-01-01T02:43:00,195.327
2026-01-01T02:44:00,201.908
2026-01-01T02:45:00,194.884
2026-01-01T02:46:00,202.165
2026-01-01T02:47:00,199.922
2026-01-01T02:48:00,197.700
2026-01-01T02:49:00,198.109
2026-01-01T02:50:00,195.598
2026-01-01T02:51:00,199.949
2026-01-01T02:52:00,196.292
2026-01-01T02:53:00,193.158
2026-01-01T02:54:00,192.899
2026-01-01T02:55:00,198.651
2026-01-01T02:56:00,204.229
2026-01-01T02:57:00,198.505
2026-01-01T02:58:00,197.344
2026-01-01T02:59:00,198.917
2026-01-01T03:00:00,202.954
2026-01-01T03:01:00,198.564
2026-01-01T03:02:00,196.001
2026-01-01T03:03:00,202.029
2026-01-01T03:04:00,199.280
2026-01-01T03:05:00,203.669
2026-01-01T03:06:00,198.222
2026-01-01T03:07:00,192.555
2026-01-01T03:08:00,191.946
2026-01-01T03:09:00,203.989
2026-01-01T03:10:00,204.248
2026-01-01T03:11:00,196.604
2026-01-01T03:12:00,195.760
2026-01-01T03:13:00,203.111
2026-01-01T03:14:00,192.810
2026-01-01T03:15:00,193.634
2026-01-01T03:16:00,199.762
2026-01-01T03:17:00,195.588
2026-01-01T03:18:00,197.125
2026-01-01T03:19:00,196.472
2026-01-01T03:20:00,198.457
2026-01-01T03:21:00,202.720
2026-01-01T03:22:00,197.437
2026-01-01T03:23:00,199.636
2026-01-01T03:24:00,188.847
2026-01-01T03:25:00,992.682
2026-01-01T03:26:00,193.654
2026-01-01T03:27:00,192.144
2026-01-01T03:28:00,193.500
2026-01-01T03:29:00,195.670
2026-01-01T03:30:00,200.667
2026-01-01T03:31:00,191.695
2026-01-01T03:32:00,197.123
2026-01-01T03:33:00,195.064
2026-01-01T03:34:00,195.692
2026-01-01T03:35:00,201.017
2026-01-01T03:36:00,199.164
2026-01-01T03:37:00,202.368
2026-01-01T03:38:00,196.408
2026-01-01T03:39:00,194.252
2026-01-01T03:40:00,196.151
2026-01-01T03:41:00,198.029
2026-01-01T03:42:00,197.779
2026-01-01T03:43:00,192.751
2026-01-01T03:44:00,197.467
2026-01-01T03:45:00,198.036
2026-01-01T03:46:00,207.213
2026-01-01T03:47:00,204.671
2026-01-01T03:48:00,193.773
2026-01-01T03:49:00,196.061
2026-01-01T03:50:00,191.382
2026-01-01T03:51:00,194.899
2026-01-01T03:52:00,198.552
2026-01-01T03:53:00,202.142
2026-01-01T03:54:00,194.433
2026-01-01T03:55:00,194.765
2026-01-01T03:56:00,188.826
2026-01-01T03:57:00,196.798
2026-01-01T03:58:00,193.235
2026-01-01T03:59:00,195.404
2026-01-01T04:00:00,194.053
2026-01-01T04:01:00,197.222
2026-01-01T04:02:00,190.609
2026-01-01T04:03:00,191.814
2026-01-01T04:04:00,206.242
2026-01-01T04:05:00,192.619
2026-01-01T04:06:00,193.427
2026-01-01T04:07:00,205.208
2026-01-01T04:08:00,209.527
2026-01-01T04:09:00,193.269
2026-01-01T04:10:00,196.532
2026-01-01T04:11:00,199.421
2026-01-01T04:12:00,205.021
2026-01-01T04:13:00,194.211
2026-01-01T04:14:00,197.230
2026-01-01T04:15:00,201.375
2026-01-01T04:16:00,200.059
2026-01-01T04:17:00,196.871
2026-01-01T04:18:00,197.897
2026-01-01T04:19:00,192.990
2026-01-01T04:20:00,793.018
2026-01-01T04:21:00,197.541
2026-01-01T04:22:00,199.594
2026-01-01T04:23:00,196.504
2026-01-01T04:24:00,200.672
2026-01-01T04:25:00,202.898
2026-01-01T04:26:00,199.531
2026-01-01T04:27:00,200.379
2026-01-01T04:28:00,199.247
2026-01-01T04:29:00,199.098
2026-01-01T04:30:00,196.276
2026-01-01T04:31:00,200.492
2026-01-01T04:32:00,198.901
2026-01-01T04:33:00,207.728
2026-01-01T04:34:00,205.714
2026-01-01T04:35:00,201.030
2026-01-01T04:36:00,196.500
2026-01-01T04:37:00,195.169
2026-01-01T04:38:00,204.449
2026-01-01T04:39:00,200.802
2026-01-01T04:40:00,201.738
2026-01-01T04:41:00,192.905
2026-01-01T04:42:00,203.660
2026-01-01T04:43:00,201.835
2026-01-01T04:44:00,195.642
2026-01-01T04:45:00,198.264
2026-01-01T04:46:00,201.272
2026-01-01T04:47:00,200.493
2026-01-01T04:48:00,199.181
2026-01-01T04:49:00,200.002
2026-01-01T04:50:00,199.474
2026-01-01T04:51:00,201.158
2026-01-01T04:52:00,206.499
2026-01-01T04:53:00,190.411
2026-01-01T04:54:00,199.795
2026-01-01T04:55:00,201.513
2026-01-01T04:56:00,202.055
2026-01-01T04:57:00,199.447
2026-01-01T04:58:00,193.971
2026-01-01T04:59:00,202.372
2026-01-01T05:00:00,208.032
2026-01-01T05:01:00,195.049
2026-01-01T05:02:00,204.700
2026-01-01T05:03:00,199.991
2026-01-01T05:04:00,201.120
2026-01-01T05:05:00,197.212
2026-01-01T05:06:00,200.145
2026-01-01T05:07:00,206.740
2026-01-01T05:08:00,203.927
2026-01-01T05:09:00,208.582
2026-01-01T05:10:00,206.418
2026-01-01T05:11:00,203.519
2026-01-01T05:12:00,208.792
2026-01-01T05:13:00,203.624
2026-01-01T05:14:00,977.585
2026-01-01T05:15:00,200.785
2026-01-01T05:16:00,202.287
2026-01-01T05:17:00,199.280
2026-01-01T05:18:00,206.076
2026-01-01T05:19:00,197.451
2026-01-01T05:20:00,205.339
2026-01-01T05:21:00,201.492
2026-01-01T05:22:00,206.983
2026-01-01T05:23:00,205.343
2026-01-01T05:24:00,209.664
2026-01-01T05:25:00,205.344
2026-01-01T05:26:00,196.172
2026-01-01T05:27:00,202.229
2026-01-01T05:28:00,197.846
2026-01-01T05:29:00,200.496
2026-01-01T05:30:00,208.647
2026-01-01T05:31:00,205.185
2026-01-01T05:32:00,199.871
2026-01-01T05:33:00,198.641
2026-01-01T05:34:00,202.856
2026-01-01T05:35:00,197.886
2026-01-01T05:36:00,200.093
2026-01-01T05:37:00,204.050
2026-01-01T05:38:00,207.447
2026-01-01T05:39:00,205.282
2026-01-01T05:40:00,193.702
2026-01-01T05:41:00,204.104
2026-01-01T05:42:00,203.192
2026-01-01T05:43:00,204.575
2026-01-01T05:44:00,209.399
2026-01-01T05:45:00,194.695
2026-01-01T05:46:00,200.595
2026-01-01T05:47:00,205.333
2026-01-01T05:48:00,196.652
2026-01-01T05:49:00,208.889
2026-01-01T05:50:00,204.465
2026-01-01T05:51:00,206.382
2026-01-01T05:52:00,200.715
2026-01-01T05:53:00,206.255
2026-01-01T05:54:00,207.274
2026-01-01T05:55:00,1073.459
2026-01-01T05:56:00,203.933
2026-01-01T05:57:00,204.072
2026-01-01T05:58:00,199.531
2026-01-01T05:59:00,202.387
2026-01-01T06:00:00,202.358
2026-01-01T06:01:00,204.491
2026-01-01T06:02:00,206.945
2026-01-01T06:03:00,198.698
2026-01-01T06:04:00,202.418
2026-01-01T06:05:00,208.827
2026-01-01T06:06:00,199.909
2026-01-01T06:07:00,199.576
2026-01-01T06:08:00,203.653
2026-01-01T06:09:00,206.200
2026-01-01T06:10:00,202.845
2026-01-01T06:11:00,208.090
2026-01-01T06:12:00,206.175
2026-01-01T06:13:00,206.088
2026-01-01T06:14:00,204.908
2026-01-01T06:15:00,211.972
2026-01-01T06:16:00,201.810
2026-01-01T06:17:00,194.584
2026-01-01T06:18:00,208.981
2026-01-01T06:19:00,200.698
2026-01-01T06:20:00,202.924
2026-01-01T06:21:00,207.693
2026-01-01T06:22:00,196.006
2026-01-01T06:23:00,197.369
2026-01-01T06:24:00,195.929
2026-01-01T06:25:00,199.115
2026-01-01T06:26:00,204.006
2026-01-01T06:27:00,204.300
2026-01-01T06:28:00,203.262
2026-01-01T06:29:00,196.459
2026-01-01T06:30:00,192.822
2026-01-01T06:31:00,202.231
2026-01-01T06:32:00,200.077
2026-01-01T06:33:00,203.750
2026-01-01T06:34:00,204.669
2026-01-01T06:35:00,202.361
2026-01-01T06:36:00,204.795
2026-01-01T06:37:00,202.617
2026-01-01T06:38:00,203.765
2026-01-01T06:39:00,198.770
2026-01-01T06:40:00,200.813
2026-01-01T06:41:00,202.261
2026-01-01T06:42:00,204.698
2026-01-01T06:43:00,199.782
2026-01-01T06:44:00,203.381
2026-01-01T06:45:00,200.173
2026-01-01T06:46:00,200.705
2026-01-01T06:47:00,204.432
2026-01-01T06:48:00,193.079
2026-01-01T06:49:00,195.803
2026-01-01T06:50:00,194.997
2026-01-01T06:51:00,191.528
2026-01-01T06:52:00,198.085
2026-01-01T06:53:00,203.731
2026-01-01T06:54:00,1052.123
2026-01-01T06:55:00,201.395
2026-01-01T06:56:00,204.895
2026-01-01T06:57:00,205.783
2026-01-01T06:58:00,200.130
2026-01-01T06:59:00,205.755
2026-01-01T07:00:00,200.642
2026-01-01T07:01:00,196.858
2026-01-01T07:02:00,197.763
2026-01-01T07:03:00,194.152
2026-01-01T07:04:00,196.455
2026-01-01T07:05:00,198.509
2026-01-01T07:06:00,203.089
2026-01-01T07:07:00,206.691
2026-01-01T07:08:00,194.213
2026-01-01T07:09:00,201.246
2026-01-01T07:10:00,195.447
2026-01-01T07:11:00,201.442
2026-01-01T07:12:00,198.953
2026-01-01T07:13:00,192.088
2026-01-01T07:14:00,203.059
2026-01-01T07:15:00,196.861
2026-01-01T07:16:00,197.081
2026-01-01T07:17:00,194.874
2026-01-01T07:18:00,196.472
2026-01-01T07:19:00,200.737
2026-01-01T07:20:00,198.206
2026-01-01T07:21:00,200.215
2026-01-01T07:22:00,200.286
2026-01-01T07:23:00,204.060
2026-01-01T07:24:00,197.346
2026-01-01T07:25:00,192.750
2026-01-01T07:26:00,202.867
2026-01-01T07:27:00,197.213
2026-01-01T07:28:00,202.940
2026-01-01T07:29:00,199.958
2026-01-01T07:30:00,197.843
2026-01-01T07:31:00,199.708
2026-01-01T07:32:00,206.062
2026-01-01T07:33:00,206.512
2026-01-01T07:34:00,198.428
2026-01-01T07:35:00,198.740
2026-01-01T07:36:00,202.353
2026-01-01T07:37:00,194.615
2026-01-01T07:38:00,199.281
2026-01-01T07:39:00,197.797
2026-01-01T07:40:00,199.109
2026-01-01T07:41:00,194.474
2026-01-01T07:42:00,191.404
2026-01-01T07:43:00,189.427
2026-01-01T07:44:00,193.206
2026-01-01T07:45:00,195.799
2026-01-01T07:46:00,196.421
2026-01-01T07:47:00,205.303
2026-01-01T07:48:00,201.940
2026-01-01T07:49:00,193.631
2026-01-01T07:50:00,198.835
2026-01-01T07:51:00,195.782
2026-01-01T07:52:00,196.239
2026-01-01T07:53:00,198.087
2026-01-01T07:54:00,199.792
2026-01-01T07:55:00,195.929
2026-01-01T07:56:00,201.513
2026-01-01T07:57:00,192.664
2026-01-01T07:58:00,197.232
2026-01-01T07:59:00,207.574
2026-01-01T08:00:00,198.053
2026-01-01T08:01:00,202.873
2026-01-01T08:02:00,197.487
2026-01-01T08:03:00,1055.696
2026-01-01T08:04:00,196.859
2026-01-01T08:05:00,196.389
2026-01-01T08:06:00,193.939
2026-01-01T08:07:00,198.766
2026-01-01T08:08:00,193.628
2026-01-01T08:09:00,199.687
2026-01-01T08:10:00,201.358
2026-01-01T08:11:00,198.477
2026-01-01T08:12:00,195.861
2026-01-01T08:13:00,198.818
2026-01-01T08:14:00,195.766
2026-01-01T08:15:00,200.742
2026-01-01T08:16:00,189.675
2026-01-01T08:17:00,195.661
2026-01-01T08:18:00,189.044
2026-01-01T08:19:00,191.033
2026-01-01T08:20:00,202.475
2026-01-01T08:21:00,200.609
2026-01-01T08:22:00,194.160
2026-01-01T08:23:00,191.040
2026-01-01T08:24:00,185.204
2026-01-01T08:25:00,194.903
2026-01-01T08:26:00,206.774
2026-01-01T08:27:00,198.849
2026-01-01T08:28:00,194.890
2026-01-01T08:29:00,199.008
2026-01-01T08:30:00,190.926
2026-01-01T08:31:00,196.003
2026-01-01T08:32:00,197.614
2026-01-01T08:33:00,196.898
2026-01-01T08:34:00,200.432
2026-01-01T08:35:00,198.676
2026-01-01T08:36:00,200.000
2026-01-01T08:37:00,194.604
2026-01-01T08:38:00,200.981
2026-01-01T08:39:00,203.939
2026-01-01T08:40:00,193.578
2026-01-01T08:41:00,193.943
2026-01-01T08:42:00,202.875
2026-01-01T08:43:00,196.805
2026-01-01T08:44:00,203.225
2026-01-01T08:45:00,195.880
2026-01-01T08:46:00,203.513
2026-01-01T08:47:00,198.262
2026-01-01T08:48:00,198.813
2026-01-01T08:49:00,204.084
2026-01-01T08:50:00,196.425
2026-01-01T08:51:00,194.155
2026-01-01T08:52:00,196.174
2026-01-01T08:53:00,199.827
2026-01-01T08:54:00,191.805
2026-01-01T08:55:00,200.669
2026-01-01T08:56:00,196.017
2026-01-01T08:57:00,202.816
2026-01-01T08:58:00,188.702
2026-01-01T08:59:00,195.188
2026-01-01T09:00:00,191.644
2026-01-01T09:01:00,195.142
2026-01-01T09:02:00,199.495
2026-01-01T09:03:00,197.846
2026-01-01T09:04:00,197.608
2026-01-01T09:05:00,198.044
2026-01-01T09:06:00,199.555
2026-01-01T09:07:00,194.768
2026-01-01T09:08:00,201.691
2026-01-01T09:09:00,201.576
2026-01-01T09:10:00,200.528
2026-01-01T09:11:00,201.277
2026-01-01T09:12:00,200.300
2026-01-01T09:13:00,207.318
2026-01-01T09:14:00,198.894
2026-01-01T09:15:00,198.079
2026-01-01T09:16:00,196.358
2026-01-01T09:17:00,195.309
2026-01-01T09:18:00,194.525
2026-01-01T09:19:00,196.014
2026-01-01T09:20:00,199.352
2026-01-01T09:21:00,847.298
2026-01-01T09:22:00,199.972
2026-01-01T09:23:00,196.772
2026-01-01T09:24:00,203.502
2026-01-01T09:25:00,202.925
2026-01-01T09:26:00,199.396
2026-01-01T09:27:00,197.489
2026-01-01T09:28:00,202.361
2026-01-01T09:29:00,200.986
2026-01-01T09:30:00,194.508
2026-01-01T09:31:00,200.095
2026-01-01T09:32:00,201.481
2026-01-01T09:33:00,196.900
2026-01-01T09:34:00,201.324
2026-01-01T09:35:00,194.810
2026-01-01T09:36:00,206.039
2026-01-01T09:37:00,205.751
2026-01-01T09:38:00,199.813
2026-01-01T09:39:00,202.341
2026-01-01T09:40:00,191.311
2026-01-01T09:41:00,196.388
2026-01-01T09:42:00,199.901
2026-01-01T09:43:00,196.850
2026-01-01T09:44:00,204.057
2026-01-01T09:45:00,209.250
2026-01-01T09:46:00,196.614
2026-01-01T09:47:00,198.030
2026-01-01T09:48:00,202.381
2026-01-01T09:49:00,207.942
2026-01-01T09:50:00,196.665
2026-01-01T09:51:00,202.607
2026-01-01T09:52:00,208.952
2026-01-01T09:53:00,195.115
2026-01-01T09:54:00,196.652
2026-01-01T09:55:00,200.135
2026-01-01T09:56:00,199.800
2026-01-01T09:57:00,205.184
2026-01-01T09:58:00,202.950
2026-01-01T09:59:00,194.933
2026-01-01T10:00:00,204.143
2026-01-01T10:01:00,199.819
2026-01-01T10:02:00,207.274
2026-01-01T10:03:00,1000.146
2026-01-01T10:04:00,199.719
2026-01-01T10:05:00,204.473
2026-01-01T10:06:00,205.402
2026-01-01T10:07:00,204.184
2026-01-01T10:08:00,195.689
2026-01-01T10:09:00,204.622
2026-01-01T10:10:00,198.370
2026-01-01T10:11:00,203.484
2026-01-01T10:12:00,196.883
2026-01-01T10:13:00,204.396
2026-01-01T10:14:00,199.417
2026-01-01T10:15:00,197.543
2026-01-01T10:16:00,205.559
2026-01-01T10:17:00,203.698
2026-01-01T10:18:00,200.303
2026-01-01T10:19:00,208.589
2026-01-01T10:20:00,201.046
2026-01-01T10:21:00,202.960
2026-01-01T10:22:00,203.928
2026-01-01T10:23:00,200.394
2026-01-01T10:24:00,204.775
2026-01-01T10:25:00,200.774
2026-01-01T10:26:00,201.277
2026-01-01T10:27:00,208.388
2026-01-01T10:28:00,198.788
2026-01-01T10:29:00,193.311
2026-01-01T10:30:00,209.416
2026-01-01T10:31:00,213.178
2026-01-01T10:32:00,201.366
2026-01-01T10:33:00,195.245
2026-01-01T10:34:00,201.755
2026-01-01T10:35:00,201.854
2026-01-01T10:36:00,202.240
2026-01-01T10:37:00,198.546
2026-01-01T10:38:00,205.316
2026-01-01T10:39:00,205.092
2026-01-01T10:40:00,197.012
2026-01-01T10:41:00,205.780
2026-01-01T10:42:00,211.186
2026-01-01T10:43:00,203.653
2026-01-01T10:44:00,201.605
2026-01-01T10:45:00,202.374
2026-01-01T10:46:00,205.390
2026-01-01T10:47:00,195.991
2026-01-01T10:48:00,203.555
2026-01-01T10:49:00,201.317
2026-01-01T10:50:00,210.251
2026-01-01T10:51:00,202.142
2026-01-01T10:52:00,779.044
2026-01-01T10:53:00,198.378
2026-01-01T10:54:00,205.117
2026-01-01T10:55:00,204.019
2026-01-01T10:56:00,199.237
2026-01-01T10:57:00,203.394
2026-01-01T10:58:00,207.504
2026-01-01T10:59:00,201.327
2026-01-01T11:00:00,195.821
2026-01-01T11:01:00,202.485
2026-01-01T11:02:00,198.910
2026-01-01T11:03:00,201.113
2026-01-01T11:04:00,202.118
2026-01-01T11:05:00,195.583
2026-01-01T11:06:00,195.902
2026-01-01T11:07:00,204.251
2026-01-01T11:08:00,200.190
2026-01-01T11:09:00,191.978
2026-01-01T11:10:00,205.331
2026-01-01T11:11:00,203.235
2026-01-01T11:12:00,199.243
2026-01-01T11:13:00,196.783
2026-01-01T11:14:00,205.344
2026-01-01T11:15:00,203.348
2026-01-01T11:16:00,211.430
2026-01-01T11:17:00,203.528
2026-01-01T11:18:00,203.346
2026-01-01T11:19:00,201.073
2026-01-01T11:20:00,204.953
2026-01-01T11:21:00,204.131
2026-01-01T11:22:00,206.581
2026-01-01T11:23:00,199.432
2026-01-01T11:24:00,199.718
2026-01-01T11:25:00,199.484
2026-01-01T11:26:00,204.505
2026-01-01T11:27:00,207.275
2026-01-01T11:28:00,199.385
2026-01-01T11:29:00,199.460
2026-01-01T11:30:00,202.354
2026-01-01T11:31:00,200.052
2026-01-01T11:32:00,204.781
2026-01-01T11:33:00,191.902
2026-01-01T11:34:00,197.539
2026-01-01T11:35:00,197.652
2026-01-01T11:36:00,191.435
2026-01-01T11:37:00,196.797
2026-01-01T11:38:00,196.926
2026-01-01T11:39:00,199.717
2026-01-01T11:40:00,204.907
2026-01-01T11:41:00,199.409
2026-01-01T11:42:00,196.200
2026-01-01T11:43:00,200.029
2026-01-01T11:44:00,204.387
2026-01-01T11:45:00,196.220
2026-01-01T11:46:00,196.415
2026-01-01T11:47:00,202.225
2026-01-01T11:48:00,199.038
2026-01-01T11:49:00,202.447
2026-01-01T11:50:00,199.736
2026-01-01T11:51:00,202.531
2026-01-01T11:52:00,195.518
2026-01-01T11:53:00,199.543
2026-01-01T11:54:00,198.683
2026-01-01T11:55:00,194.597
2026-01-01T11:56:00,193.141
2026-01-01T11:57:00,202.073
2026-01-01T11:58:00,197.861
2026-01-01T11:59:00,195.111
2026-01-01T12:00:00,198.752
2026-01-01T12:01:00,203.585
2026-01-01T12:02:00,189.887
2026-01-01T12:03:00,192.960
2026-01-01T12:04:00,195.193
2026-01-01T12:05:00,204.668
2026-01-01T12:06:00,199.892
2026-01-01T12:07:00,201.771
2026-01-01T12:08:00,194.081
2026-01-01T12:09:00,194.105
2026-01-01T12:10:00,200.316
2026-01-01T12:11:00,198.700
2026-01-01T12:12:00,200.605
2026-01-01T12:13:00,197.603
2026-01-01T12:14:00,199.411
2026-01-01T12:15:00,198.876
2026-01-01T12:16:00,201.301
2026-01-01T12:17:00,201.366
2026-01-01T12:18:00,191.606
2026-01-01T12:19:00,189.046
2026-01-01T12:20:00,201.992
2026-01-01T12:21:00,202.687
2026-01-01T12:22:00,193.806
2026-01-01T12:23:00,190.402
2026-01-01T12:24:00,198.192
2026-01-01T12:25:00,201.474
2026-01-01T12:26:00,204.898
2026-01-01T12:27:00,199.730
2026-01-01T12:28:00,196.137
2026-01-01T12:29:00,194.011
2026-01-01T12:30:00,197.590
2026-01-01T12:31:00,196.310
2026-01-01T12:32:00,193.410
2026-01-01T12:33:00,205.630
2026-01-01T12:34:00,204.542
2026-01-01T12:35:00,201.913
2026-01-01T12:36:00,193.654
2026-01-01T12:37:00,200.727
2026-01-01T12:38:00,199.837
2026-01-01T12:39:00,199.021
2026-01-01T12:40:00,202.224
2026-01-01T12:41:00,199.742
2026-01-01T12:42:00,200.137
2026-01-01T12:43:00,199.703
2026-01-01T12:44:00,198.498
2026-01-01T12:45:00,189.981
2026-01-01T12:46:00,197.433
2026-01-01T12:47:00,194.857
2026-01-01T12:48:00,191.948
2026-01-01T12:49:00,203.781
2026-01-01T12:50:00,203.958
2026-01-01T12:51:00,202.469
2026-01-01T12:52:00,198.044
2026-01-01T12:53:00,202.418
2026-01-01T12:54:00,197.058
2026-01-01T12:55:00,197.816
2026-01-01T12:56:00,192.628
2026-01-01T12:57:00,198.588
2026-01-01T12:58:00,197.242
2026-01-01T12:59:00,191.791
2026-01-01T13:00:00,196.800
2026-01-01T13:01:00,196.690
2026-01-01T13:02:00,204.205
2026-01-01T13:03:00,200.599
2026-01-01T13:04:00,197.077
2026-01-01T13:05:00,198.036
2026-01-01T13:06:00,197.230
2026-01-01T13:07:00,196.254
2026-01-01T13:08:00,192.751
2026-01-01T13:09:00,196.492
2026-01-01T13:10:00,194.130
2026-01-01T13:11:00,192.132
2026-01-01T13:12:00,199.198
2026-01-01T13:13:00,198.740
2026-01-01T13:14:00,190.052
2026-01-01T13:15:00,196.732
2026-01-01T13:16:00,201.232
2026-01-01T13:17:00,201.513
2026-01-01T13:18:00,201.408
2026-01-01T13:19:00,197.490
2026-01-01T13:20:00,193.986
2026-01-01T13:21:00,193.064
2026-01-01T13:22:00,198.811
2026-01-01T13:23:00,198.984
2026-01-01T13:24:00,202.653
2026-01-01T13:25:00,201.941
2026-01-01T13:26:00,197.051
2026-01-01T13:27:00,192.643
2026-01-01T13:28:00,196.385
2026-01-01T13:29:00,198.573
2026-01-01T13:30:00,196.939
2026-01-01T13:31:00,195.480
2026-01-01T13:32:00,198.849
2026-01-01T13:33:00,195.868
2026-01-01T13:34:00,195.420
2026-01-01T13:35:00,199.226
2026-01-01T13:36:00,196.422
2026-01-01T13:37:00,199.058
2026-01-01T13:38:00,199.226
2026-01-01T13:39:00,193.628
2026-01-01T13:40:00,196.314
2026-01-01T13:41:00,204.045
2026-01-01T13:42:00,193.700
2026-01-01T13:43:00,189.938
2026-01-01T13:44:00,191.014
2026-01-01T13:45:00,198.636
2026-01-01T13:46:00,198.701
2026-01-01T13:47:00,198.166
2026-01-01T13:48:00,203.553
2026-01-01T13:49:00,188.065
2026-01-01T13:50:00,200.401
2026-01-01T13:51:00,205.125
2026-01-01T13:52:00,194.430
2026-01-01T13:53:00,197.485
2026-01-01T13:54:00,196.055
2026-01-01T13:55:00,195.553
2026-01-01T13:56:00,197.890
2026-01-01T13:57:00,204.969
2026-01-01T13:58:00,206.673
2026-01-01T13:59:00,198.045
2026-01-01T14:00:00,207.075
2026-01-01T14:01:00,199.662
2026-01-01T14:02:00,206.601
2026-01-01T14:03:00,199.279
2026-01-01T14:04:00,200.243
2026-01-01T14:05:00,201.247
2026-01-01T14:06:00,212.567
2026-01-01T14:07:00,203.323
2026-01-01T14:08:00,197.156
2026-01-01T14:09:00,203.927
2026-01-01T14:10:00,198.671
2026-01-01T14:11:00,198.226
2026-01-01T14:12:00,203.885
2026-01-01T14:13:00,200.442
2026-01-01T14:14:00,201.498
2026-01-01T14:15:00,200.506
2026-01-01T14:16:00,201.862
2026-01-01T14:17:00,202.281
2026-01-01T14:18:00,192.898
2026-01-01T14:19:00,203.377
2026-01-01T14:20:00,196.848
2026-01-01T14:21:00,195.071
2026-01-01T14:22:00,200.670
2026-01-01T14:23:00,201.303
2026-01-01T14:24:00,198.256
2026-01-01T14:25:00,204.416
2026-01-01T14:26:00,195.785
2026-01-01T14:27:00,199.588
2026-01-01T14:28:00,198.937
2026-01-01T14:29:00,201.150
2026-01-01T14:30:00,202.511
2026-01-01T14:31:00,197.422
2026-01-01T14:32:00,204.409
2026-01-01T14:33:00,201.821
2026-01-01T14:34:00,194.058
2026-01-01T14:35:00,193.847
2026-01-01T14:36:00,201.687
2026-01-01T14:37:00,200.906
2026-01-01T14:38:00,201.429
2026-01-01T14:39:00,201.783
2026-01-01T14:40:00,202.849
2026-01-01T14:41:00,205.787
2026-01-01T14:42:00,197.601
2026-01-01T14:43:00,1132.486
2026-01-01T14:44:00,197.768
2026-01-01T14:45:00,203.343
2026-01-01T14:46:00,207.212
2026-01-01T14:47:00,200.551
2026-01-01T14:48:00,192.313
2026-01-01T14:49:00,195.545
2026-01-01T14:50:00,199.070
2026-01-01T14:51:00,200.210
2026-01-01T14:52:00,200.846
2026-01-01T14:53:00,202.670
2026-01-01T14:54:00,201.305
2026-01-01T14:55:00,206.784
2026-01-01T14:56:00,199.915
2026-01-01T14:57:00,199.202
2026-01-01T14:58:00,204.597
2026-01-01T14:59:00,196.568
2026-01-01T15:00:00,204.298
2026-01-01T15:01:00,203.176
2026-01-01T15:02:00,202.201
2026-01-01T15:03:00,209.167
2026-01-01T15:04:00,200.348
2026-01-01T15:05:00,211.099
2026-01-01T15:06:00,201.976
2026-01-01T15:07:00,197.787
2026-01-01T15:08:00,203.192
2026-01-01T15:09:00,198.622
2026-01-01T15:10:00,199.934
2026-01-01T15:11:00,204.542
2026-01-01T15:12:00,205.187
2026-01-01T15:13:00,200.485
2026-01-01T15:14:00,206.932
2026-01-01T15:15:00,207.619
2026-01-01T15:16:00,208.739
2026-01-01T15:17:00,205.115
2026-01-01T15:18:00,208.453
2026-01-01T15:19:00,195.477
2026-01-01T15:20:00,201.728
2026-01-01T15:21:00,199.529
2026-01-01T15:22:00,203.470
2026-01-01T15:23:00,200.702
2026-01-01T15:24:00,202.316
2026-01-01T15:25:00,210.501
2026-01-01T15:26:00,202.284
2026-01-01T15:27:00,204.607
2026-01-01T15:28:00,202.010
2026-01-01T15:29:00,203.228
2026-01-01T15:30:00,202.934
2026-01-01T15:31:00,204.686
2026-01-01T15:32:00,207.535
2026-01-01T15:33:00,209.444
2026-01-01T15:34:00,204.072
2026-01-01T15:35:00,205.169
2026-01-01T15:36:00,198.183
2026-01-01T15:37:00,202.409
2026-01-01T15:38:00,206.495
2026-01-01T15:39:00,206.170
2026-01-01T15:40:00,203.523
2026-01-01T15:41:00,206.192
2026-01-01T15:42:00,204.577
2026-01-01T15:43:00,207.382
2026-01-01T15:44:00,203.703
2026-01-01T15:45:00,201.087
2026-01-01T15:46:00,203.816
2026-01-01T15:47:00,190.712
2026-01-01T15:48:00,203.926
2026-01-01T15:49:00,187.761
2026-01-01T15:50:00,195.418
2026-01-01T15:51:00,204.076
2026-01-01T15:52:00,204.135
2026-01-01T15:53:00,197.530
2026-01-01T15:54:00,199.285
2026-01-01T15:55:00,207.568
2026-01-01T15:56:00,200.102
2026-01-01T15:57:00,210.960
2026-01-01T15:58:00,201.930
2026-01-01T15:59:00,203.519
2026-01-01T16:00:00,773.933
2026-01-01T16:01:00,202.305
2026-01-01T16:02:00,197.718
2026-01-01T16:03:00,201.233
2026-01-01T16:04:00,201.474
2026-01-01T16:05:00,196.101
2026-01-01T16:06:00,200.479
2026-01-01T16:07:00,198.475
2026-01-01T16:08:00,205.083
2026-01-01T16:09:00,201.464
2026-01-01T16:10:00,200.135
2026-01-01T16:11:00,200.780
2026-01-01T16:12:00,202.036
2026-01-01T16:13:00,203.549
2026-01-01T16:14:00,197.021
2026-01-01T16:15:00,196.790
2026-01-01T16:16:00,205.312
2026-01-01T16:17:00,199.180
2026-01-01T16:18:00,195.098
2026-01-01T16:19:00,202.476
2026-01-01T16:20:00,202.489
2026-01-01T16:21:00,194.447
2026-01-01T16:22:00,201.422
2026-01-01T16:23:00,203.381
2026-01-01T16:24:00,201.870
2026-01-01T16:25:00,202.834
2026-01-01T16:26:00,194.623
2026-01-01T16:27:00,201.498
2026-01-01T16:28:00,198.896
2026-01-01T16:29:00,198.109
2026-01-01T16:30:00,203.456
2026-01-01T16:31:00,205.824
2026-01-01T16:32:00,207.018
2026-01-01T16:33:00,205.033
2026-01-01T16:34:00,199.268
2026-01-01T16:35:00,201.052
2026-01-01T16:36:00,202.642
2026-01-01T16:37:00,199.994
2026-01-01T16:38:00,199.966
2026-01-01T16:39:00,202.673
2026-01-01T16:40:00,199.076
2026-01-01T16:41:00,196.331
2026-01-01T16:42:00,197.526
2026-01-01T16:43:00,201.656
2026-01-01T16:44:00,199.068
2026-01-01T16:45:00,200.354
2026-01-01T16:46:00,201.611
2026-01-01T16:47:00,197.369
2026-01-01T16:48:00,201.832
2026-01-01T16:49:00,200.262
2026-01-01T16:50:00,193.747
2026-01-01T16:51:00,204.396
2026-01-01T16:52:00,196.565
2026-01-01T16:53:00,191.889
2026-01-01T16:54:00,194.272
2026-01-01T16:55:00,194.311
2026-01-01T16:56:00,198.548
2026-01-01T16:57:00,197.189
2026-01-01T16:58:00,196.883
2026-01-01T16:59:00,200.655
2026-01-01T17:00:00,199.484
2026-01-01T17:01:00,199.337
2026-01-01T17:02:00,199.661
2026-01-01T17:03:00,200.437
2026-01-01T17:04:00,189.492
2026-01-01T17:05:00,196.418
2026-01-01T17:06:00,189.109
2026-01-01T17:07:00,197.928
2026-01-01T17:08:00,197.721
2026-01-01T17:09:00,201.879
2026-01-01T17:10:00,202.405
2026-01-01T17:11:00,198.424
2026-01-01T17:12:00,195.572
2026-01-01T17:13:00,199.476
2026-01-01T17:14:00,195.386
2026-01-01T17:15:00,197.456
2026-01-01T17:16:00,201.371
2026-01-01T17:17:00,195.162
2026-01-01T17:18:00,200.583
2026-01-01T17:19:00,200.039
2026-01-01T17:20:00,193.481
2026-01-01T17:21:00,201.167
2026-01-01T17:22:00,200.039
2026-01-01T17:23:00,197.626
2026-01-01T17:24:00,194.145
2026-01-01T17:25:00,193.735
2026-01-01T17:26:00,794.844
2026-01-01T17:27:00,199.300
2026-01-01T17:28:00,193.289
2026-01-01T17:29:00,198.844
2026-01-01T17:30:00,192.111
2026-01-01T17:31:00,196.247
2026-01-01T17:32:00,197.489
2026-01-01T17:33:00,206.820
2026-01-01T17:34:00,191.520
2026-01-01T17:35:00,202.909
2026-01-01T17:36:00,197.613
2026-01-01T17:37:00,198.653
2026-01-01T17:38:00,197.477
2026-01-01T17:39:00,198.780
2026-01-01T17:40:00,196.385
2026-01-01T17:41:00,202.817
2026-01-01T17:42:00,195.176
2026-01-01T17:43:00,201.534
2026-01-01T17:44:00,194.433
2026-01-01T17:45:00,196.775
2026-01-01T17:46:00,192.736
2026-01-01T17:47:00,198.853
2026-01-01T17:48:00,202.824
2026-01-01T17:49:00,196.747
2026-01-01T17:50:00,196.282
2026-01-01T17:51:00,192.626
2026-01-01T17:52:00,196.184
2026-01-01T17:53:00,190.748
2026-01-01T17:54:00,193.487
2026-01-01T17:55:00,198.066
2026-01-01T17:56:00,202.457
2026-01-01T17:57:00,208.441
2026-01-01T17:58:00,194.883
2026-01-01T17:59:00,202.997
2026-01-01T18:00:00,198.258
2026-01-01T18:01:00,196.707
2026-01-01T18:02:00,199.073
2026-01-01T18:03:00,197.622
2026-01-01T18:04:00,197.849
2026-01-01T18:05:00,195.808
2026-01-01T18:06:00,191.884
2026-01-01T18:07:00,191.339
2026-01-01T18:08:00,200.164
2026-01-01T18:09:00,196.483
2026-01-01T18:10:00,195.246
2026-01-01T18:11:00,197.706
2026-01-01T18:12:00,200.894
2026-01-01T18:13:00,198.480
2026-01-01T18:14:00,195.179
2026-01-01T18:15:00,202.754
2026-01-01T18:16:00,204.213
2026-01-01T18:17:00,199.922
2026-01-01T18:18:00,201.888
2026-01-01T18:19:00,203.011
2026-01-01T18:20:00,202.615
2026-01-01T18:21:00,200.603
2026-01-01T18:22:00,200.593
2026-01-01T18:23:00,200.332
2026-01-01T18:24:00,193.918
2026-01-01T18:25:00,201.166
2026-01-01T18:26:00,192.996
2026-01-01T18:27:00,195.298
2026-01-01T18:28:00,203.748
2026-01-01T18:29:00,201.954
2026-01-01T18:30:00,204.601
2026-01-01T18:31:00,197.625
2026-01-01T18:32:00,194.163
2026-01-01T18:33:00,197.872
2026-01-01T18:34:00,199.303
2026-01-01T18:35:00,199.273
2026-01-01T18:36:00,203.555
2026-01-01T18:37:00,197.638
2026-01-01T18:38:00,850.825
2026-01-01T18:39:00,195.257
2026-01-01T18:40:00,201.077
2026-01-01T18:41:00,199.353
2026-01-01T18:42:00,196.406
2026-01-01T18:43:00,198.528
2026-01-01T18:44:00,198.800
2026-01-01T18:45:00,198.522
2026-01-01T18:46:00,206.754
2026-01-01T18:47:00,199.342
2026-01-01T18:48:00,198.826
2026-01-01T18:49:00,191.479
2026-01-01T18:50:00,196.358
2026-01-01T18:51:00,198.949
2026-01-01T18:52:00,197.325
2026-01-01T18:53:00,205.662
2026-01-01T18:54:00,199.542
2026-01-01T18:55:00,205.422
2026-01-01T18:56:00,200.581
2026-01-01T18:57:00,200.549
2026-01-01T18:58:00,200.111
2026-01-01T18:59:00,200.547
2026-01-01T19:00:00,207.473
2026-01-01T19:01:00,191.384
2026-01-01T19:02:00,192.722
2026-01-01T19:03:00,198.620
2026-01-01T19:04:00,200.914
2026-01-01T19:05:00,203.680
2026-01-01T19:06:00,202.876
2026-01-01T19:07:00,199.509
2026-01-01T19:08:00,205.184
2026-01-01T19:09:00,205.291
2026-01-01T19:10:00,201.967
2026-01-01T19:11:00,205.142
2026-01-01T19:12:00,202.442
2026-01-01T19:13:00,199.165
2026-01-01T19:14:00,204.260
2026-01-01T19:15:00,201.969
2026-01-01T19:16:00,201.589
2026-01-01T19:17:00,207.532
2026-01-01T19:18:00,191.892
2026-01-01T19:19:00,196.079
2026-01-01T19:20:00,197.055
2026-01-01T19:21:00,200.403
2026-01-01T19:22:00,200.890
2026-01-01T19:23:00,195.930
2026-01-01T19:24:00,198.069
2026-01-01T19:25:00,198.615
2026-01-01T19:26:00,211.936
2026-01-01T19:27:00,209.360
2026-01-01T19:28:00,200.552
2026-01-01T19:29:00,200.790
2026-01-01T19:30:00,197.691
2026-01-01T19:31:00,194.698
2026-01-01T19:32:00,201.904
2026-01-01T19:33:00,198.420
2026-01-01T19:34:00,202.112
2026-01-01T19:35:00,196.088
2026-01-01T19:36:00,199.477
2026-01-01T19:37:00,203.155
2026-01-01T19:38:00,204.060
2026-01-01T19:39:00,204.298
2026-01-01T19:40:00,1006.482
2026-01-01T19:41:00,206.108
2026-01-01T19:42:00,199.517
2026-01-01T19:43:00,205.277
2026-01-01T19:44:00,202.729
2026-01-01T19:45:00,197.291
2026-01-01T19:46:00,201.555
2026-01-01T19:47:00,204.304
2026-01-01T19:48:00,205.315
2026-01-01T19:49:00,202.318
2026-01-01T19:50:00,209.027
2026-01-01T19:51:00,206.946
2026-01-01T19:52:00,201.905
2026-01-01T19:53:00,205.945
2026-01-01T19:54:00,210.692
2026-01-01T19:55:00,210.809
2026-01-01T19:56:00,198.064
2026-01-01T19:57:00,199.278
2026-01-01T19:58:00,208.930
2026-01-01T19:59:00,198.762
2026-01-01T20:00:00,197.708
2026-01-01T20:01:00,201.055
2026-01-01T20:02:00,204.681
2026-01-01T20:03:00,202.589
2026-01-01T20:04:00,200.394
2026-01-01T20:05:00,200.295
2026-01-01T20:06:00,200.137
2026-01-01T20:07:00,199.461
2026-01-01T20:08:00,212.097
2026-01-01T20:09:00,204.150
2026-01-01T20:10:00,206.496
2026-01-01T20:11:00,200.979
2026-01-01T20:12:00,202.177
2026-01-01T20:13:00,200.051
2026-01-01T20:14:00,192.281
2026-01-01T20:15:00,197.357
2026-01-01T20:16:00,195.606
2026-01-01T20:17:00,193.828
2026-01-01T20:18:00,198.023
2026-01-01T20:19:00,208.080
2026-01-01T20:20:00,202.577
2026-01-01T20:21:00,207.889
2026-01-01T20:22:00,204.343
2026-01-01T20:23:00,205.799
2026-01-01T20:24:00,199.034
2026-01-01T20:25:00,204.701
2026-01-01T20:26:00,205.487
2026-01-01T20:27:00,200.230
2026-01-01T20:28:00,204.739
2026-01-01T20:29:00,204.728
2026-01-01T20:30:00,200.226
2026-01-01T20:31:00,197.894
2026-01-01T20:32:00,803.798
2026-01-01T20:33:00,202.647
2026-01-01T20:34:00,203.566
2026-01-01T20:35:00,199.043
2026-01-01T20:36:00,202.274
2026-01-01T20:37:00,204.404
2026-01-01T20:38:00,204.547
2026-01-01T20:39:00,208.233
2026-01-01T20:40:00,207.083
2026-01-01T20:41:00,197.920
2026-01-01T20:42:00,208.607
2026-01-01T20:43:00,199.697
2026-01-01T20:44:00,205.947
2026-01-01T20:45:00,201.985
2026-01-01T20:46:00,200.009
2026-01-01T20:47:00,194.371
2026-01-01T20:48:00,200.859
2026-01-01T20:49:00,195.250
2026-01-01T20:50:00,205.298
2026-01-01T20:51:00,207.437
2026-01-01T20:52:00,198.123
2026-01-01T20:53:00,202.458
2026-01-01T20:54:00,198.288
2026-01-01T20:55:00,198.614
2026-01-01T20:56:00,204.164
2026-01-01T20:57:00,200.849
2026-01-01T20:58:00,207.899
2026-01-01T20:59:00,198.948
2026-01-01T21:00:00,204.810
2026-01-01T21:01:00,201.138
2026-01-01T21:02:00,203.867
2026-01-01T21:03:00,198.830
2026-01-01T21:04:00,200.355
2026-01-01T21:05:00,200.026
2026-01-01T21:06:00,197.077
2026-01-01T21:07:00,203.004
2026-01-01T21:08:00,202.890
2026-01-01T21:09:00,202.597
2026-01-01T21:10:00,206.304
2026-01-01T21:11:00,205.887
2026-01-01T21:12:00,198.523
2026-01-01T21:13:00,201.449
2026-01-01T21:14:00,197.395
2026-01-01T21:15:00,199.917
2026-01-01T21:16:00,197.358
2026-01-01T21:17:00,206.171
2026-01-01T21:18:00,201.079
2026-01-01T21:19:00,198.686
2026-01-01T21:20:00,204.267
2026-01-01T21:21:00,190.744
2026-01-01T21:22:00,191.305
2026-01-01T21:23:00,202.480
2026-01-01T21:24:00,199.474
2026-01-01T21:25:00,200.169
2026-01-01T21:26:00,193.798
2026-01-01T21:27:00,198.947
2026-01-01T21:28:00,923.684
2026-01-01T21:29:00,202.212
2026-01-01T21:30:00,199.532
2026-01-01T21:31:00,197.035
2026-01-01T21:32:00,197.153
2026-01-01T21:33:00,190.154
2026-01-01T21:34:00,199.642
2026-01-01T21:35:00,201.935
2026-01-01T21:36:00,192.192
2026-01-01T21:37:00,195.792
2026-01-01T21:38:00,193.751
2026-01-01T21:39:00,194.464
2026-01-01T21:40:00,198.484
2026-01-01T21:41:00,189.879
2026-01-01T21:42:00,200.620
2026-01-01T21:43:00,201.126
2026-01-01T21:44:00,197.055
2026-01-01T21:45:00,188.086
2026-01-01T21:46:00,193.974
2026-01-01T21:47:00,202.843
2026-01-01T21:48:00,186.752
2026-01-01T21:49:00,196.428
2026-01-01T21:50:00,193.053
2026-01-01T21:51:00,200.947
2026-01-01T21:52:00,194.985
2026-01-01T21:53:00,199.259
2026-01-01T21:54:00,199.865
2026-01-01T21:55:00,204.908
2026-01-01T21:56:00,196.713
2026-01-01T21:57:00,198.992
2026-01-01T21:58:00,191.512
2026-01-01T21:59:00,202.179
2026-01-01T22:00:00,194.342
2026-01-01T22:01:00,195.109
2026-01-01T22:02:00,197.233
2026-01-01T22:03:00,191.041
2026-01-01T22:04:00,198.179
2026-01-01T22:05:00,201.107
2026-01-01T22:06:00,198.384
2026-01-01T22:07:00,190.833
2026-01-01T22:08:00,938.311
2026-01-01T22:09:00,200.113
2026-01-01T22:10:00,189.613
2026-01-01T22:11:00,192.808
2026-01-01T22:12:00,200.596
2026-01-01T22:13:00,198.155
2026-01-01T22:14:00,198.708
2026-01-01T22:15:00,204.486
2026-01-01T22:16:00,198.911
2026-01-01T22:17:00,199.658
2026-01-01T22:18:00,207.862
2026-01-01T22:19:00,196.157
2026-01-01T22:20:00,193.815
2026-01-01T22:21:00,198.714
2026-01-01T22:22:00,198.757
2026-01-01T22:23:00,194.893
2026-01-01T22:24:00,192.871
2026-01-01T22:25:00,206.242
2026-01-01T22:26:00,198.314
2026-01-01T22:27:00,194.083
2026-01-01T22:28:00,200.682
2026-01-01T22:29:00,196.590
2026-01-01T22:30:00,196.024
2026-01-01T22:31:00,199.296
2026-01-01T22:32:00,191.892
2026-01-01T22:33:00,198.484
2026-01-01T22:34:00,204.741
2026-01-01T22:35:00,198.970
2026-01-01T22:36:00,195.619
2026-01-01T22:37:00,195.115
2026-01-01T22:38:00,195.523
2026-01-01T22:39:00,196.171
2026-01-01T22:40:00,195.700
2026-01-01T22:41:00,200.901
2026-01-01T22:42:00,190.330
2026-01-01T22:43:00,200.739
2026-01-01T22:44:00,195.801
2026-01-01T22:45:00,198.858
2026-01-01T22:46:00,192.874
2026-01-01T22:47:00,202.730
2026-01-01T22:48:00,202.433
2026-01-01T22:49:00,201.324
2026-01-01T22:50:00,191.464
2026-01-01T22:51:00,200.878
2026-01-01T22:52:00,199.220
2026-01-01T22:53:00,191.220
2026-01-01T22:54:00,197.586
2026-01-01T22:55:00,199.184
2026-01-01T22:56:00,199.994
2026-01-01T22:57:00,198.524
2026-01-01T22:58:00,199.026
2026-01-01T22:59:00,203.803
2026-01-01T23:00:00,202.861
2026-01-01T23:01:00,186.538
2026-01-01T23:02:00,196.787
2026-01-01T23:03:00,197.449
2026-01-01T23:04:00,191.151
2026-01-01T23:05:00,198.590
2026-01-01T23:06:00,203.262
2026-01-01T23:07:00,193.975
2026-01-01T23:08:00,199.723
2026-01-01T23:09:00,194.771
2026-01-01T23:10:00,195.803
2026-01-01T23:11:00,204.459
2026-01-01T23:12:00,196.438
2026-01-01T23:13:00,200.516
2026-01-01T23:14:00,191.242
2026-01-01T23:15:00,206.237
2026-01-01T23:16:00,201.260
2026-01-01T23:17:00,198.181
2026-01-01T23:18:00,201.276
2026-01-01T23:19:00,193.397
2026-01-01T23:20:00,203.830
2026-01-01T23:21:00,197.868
2026-01-01T23:22:00,198.411
2026-01-01T23:23:00,197.326
2026-01-01T23:24:00,197.035
2026-01-01T23:25:00,202.201
2026-01-01T23:26:00,200.512
2026-01-01T23:27:00,202.161
2026-01-01T23:28:00,199.585
2026-01-01T23:29:00,201.739
2026-01-01T23:30:00,198.077
2026-01-01T23:31:00,208.738
2026-01-01T23:32:00,193.614
2026-01-01T23:33:00,204.996
2026-01-01T23:34:00,205.491
2026-01-01T23:35:00,196.677
2026-01-01T23:36:00,209.069
2026-01-01T23:37:00,204.201
2026-01-01T23:38:00,204.170
2026-01-01T23:39:00,200.464
2026-01-01T23:40:00,199.549
2026-01-01T23:41:00,199.646
2026-01-01T23:42:00,202.111
2026-01-01T23:43:00,206.219
2026-01-01T23:44:00,1105.059
2026-01-01T23:45:00,197.099
2026-01-01T23:46:00,204.106
2026-01-01T23:47:00,204.557
2026-01-01T23:48:00,203.555
2026-01-01T23:49:00,203.981
2026-01-01T23:50:00,199.978
2026-01-01T23:51:00,197.408
2026-01-01T23:52:00,197.713
2026-01-01T23:53:00,194.705
2026-01-01T23:54:00,202.255
2026-01-01T23:55:00,201.033
2026-01-01T23:56:00,199.666
2026-01-01T23:57:00,189.661
2026-01-01T23:58:00,196.552
2026-01-01T23:59:00,206.082
2026-01-02T00:00:00,198.996
2026-01-02T00:01:00,203.152
2026-01-02T00:02:00,196.201
2026-01-02T00:03:00,207.572
2026-01-02T00:04:00,201.294
2026-01-02T00:05:00,203.082
2026-01-02T00:06:00,211.275
2026-01-02T00:07:00,208.088
2026-01-02T00:08:00,200.845
2026-01-02T00:09:00,199.746
2026-01-02T00:10:00,200.863
2026-01-02T00:11:00,204.250
2026-01-02T00:12:00,201.834
2026-01-02T00:13:00,200.718
2026-01-02T00:14:00,208.210
2026-01-02T00:15:00,201.925
2026-01-02T00:16:00,211.620
2026-01-02T00:17:00,202.824
2026-01-02T00:18:00,209.640
2026-01-02T00:19:00,203.964
2026-01-02T00:20:00,206.421
2026-01-02T00:21:00,199.705
2026-01-02T00:22:00,199.221
2026-01-02T00:23:00,204.506
2026-01-02T00:24:00,206.651
2026-01-02T00:25:00,202.886
2026-01-02T00:26:00,1127.021
2026-01-02T00:27:00,197.337
2026-01-02T00:28:00,197.094
2026-01-02T00:29:00,195.755
2026-01-02T00:30:00,203.286
2026-01-02T00:31:00,207.368
2026-01-02T00:32:00,202.833
2026-01-02T00:33:00,193.863
2026-01-02T00:34:00,202.157
2026-01-02T00:35:00,202.284
2026-01-02T00:36:00,211.332
2026-01-02T00:37:00,197.131
2026-01-02T00:38:00,201.407
2026-01-02T00:39:00,209.802
2026-01-02T00:40:00,204.786
2026-01-02T00:41:00,205.245
2026-01-02T00:42:00,203.454
2026-01-02T00:43:00,204.318
2026-01-02T00:44:00,206.110
2026-01-02T00:45:00,199.762
2026-01-02T00:46:00,206.510
2026-01-02T00:47:00,197.503
2026-01-02T00:48:00,204.304
2026-01-02T00:49:00,203.699
2026-01-02T00:50:00,200.512
2026-01-02T00:51:00,202.877
2026-01-02T00:52:00,200.467
2026-01-02T00:53:00,198.659
2026-01-02T00:54:00,201.518
2026-01-02T00:55:00,198.501
2026-01-02T00:56:00,204.192
2026-01-02T00:57:00,198.283
2026-01-02T00:58:00,205.712
2026-01-02T00:59:00,198.118
2026-01-02T01:00:00,200.556
2026-01-02T01:01:00,200.300
2026-01-02T01:02:00,208.074
2026-01-02T01:03:00,204.069
2026-01-02T01:04:00,201.873
2026-01-02T01:05:00,204.686
2026-01-02T01:06:00,194.232
2026-01-02T01:07:00,202.457
2026-01-02T01:08:00,210.587
2026-01-02T01:09:00,203.092
2026-01-02T01:10:00,202.799
2026-01-02T01:11:00,204.684
2026-01-02T01:12:00,206.036
2026-01-02T01:13:00,194.424
2026-01-02T01:14:00,195.645
2026-01-02T01:15:00,203.174
2026-01-02T01:16:00,199.431
2026-01-02T01:17:00,207.495
2026-01-02T01:18:00,200.941
2026-01-02T01:19:00,194.418
2026-01-02T01:20:00,197.037
2026-01-02T01:21:00,191.063
2026-01-02T01:22:00,201.076
2026-01-02T01:23:00,201.209
2026-01-02T01:24:00,200.214
2026-01-02T01:25:00,206.175
2026-01-02T01:26:00,206.601
2026-01-02T01:27:00,201.072
2026-01-02T01:28:00,193.160
2026-01-02T01:29:00,204.113
2026-01-02T01:30:00,203.809
2026-01-02T01:31:00,202.768
2026-01-02T01:32:00,205.398
2026-01-02T01:33:00,196.755
2026-01-02T01:34:00,209.390
2026-01-02T01:35:00,197.457
2026-01-02T01:36:00,204.232
2026-01-02T01:37:00,194.424
2026-01-02T01:38:00,197.391
2026-01-02T01:39:00,207.115
2026-01-02T01:40:00,199.944
2026-01-02T01:41:00,204.284
2026-01-02T01:42:00,201.808
2026-01-02T01:43:00,200.376
2026-01-02T01:44:00,206.187
2026-01-02T01:45:00,199.720
2026-01-02T01:46:00,193.479
2026-01-02T01:47:00,197.323
2026-01-02T01:48:00,202.675
2026-01-02T01:49:00,201.987
2026-01-02T01:50:00,194.070
2026-01-02T01:51:00,197.375
2026-01-02T01:52:00,197.879
2026-01-02T01:53:00,198.677
2026-01-02T01:54:00,194.569
2026-01-02T01:55:00,197.492
2026-01-02T01:56:00,197.025
2026-01-02T01:57:00,202.959
2026-01-02T01:58:00,203.043
2026-01-02T01:59:00,199.156
2026-01-02T02:00:00,198.105
2026-01-02T02:01:00,200.167
2026-01-02T02:02:00,196.275
2026-01-02T02:03:00,194.888
2026-01-02T02:04:00,195.649
2026-01-02T02:05:00,196.805
2026-01-02T02:06:00,786.505
2026-01-02T02:07:00,199.863
2026-01-02T02:08:00,202.070
2026-01-02T02:09:00,192.739
2026-01-02T02:10:00,199.124
2026-01-02T02:11:00,198.081
2026-01-02T02:12:00,200.265
2026-01-02T02:13:00,198.785
2026-01-02T02:14:00,192.962
2026-01-02T02:15:00,193.666
2026-01-02T02:16:00,198.773
2026-01-02T02:17:00,202.711
2026-01-02T02:18:00,189.681
2026-01-02T02:19:00,199.863
2026-01-02T02:20:00,203.181
2026-01-02T02:21:00,197.754
2026-01-02T02:22:00,200.512
2026-01-02T02:23:00,195.444
2026-01-02T02:24:00,197.725
2026-01-02T02:25:00,191.666
2026-01-02T02:26:00,188.720
2026-01-02T02:27:00,201.818
2026-01-02T02:28:00,194.056
2026-01-02T02:29:00,196.125
2026-01-02T02:30:00,192.353
2026-01-02T02:31:00,192.212
2026-01-02T02:32:00,197.111
2026-01-02T02:33:00,194.843
2026-01-02T02:34:00,199.229
2026-01-02T02:35:00,199.485
2026-01-02T02:36:00,198.916
2026-01-02T02:37:00,198.547
2026-01-02T02:38:00,203.865
2026-01-02T02:39:00,193.245
2026-01-02T02:40:00,197.259
2026-01-02T02:41:00,201.974
2026-01-02T02:42:00,202.467
2026-01-02T02:43:00,191.689
2026-01-02T02:44:00,196.095
2026-01-02T02:45:00,202.747
2026-01-02T02:46:00,199.317
2026-01-02T02:47:00,198.038
2026-01-02T02:48:00,196.360
2026-01-02T02:49:00,195.671
2026-01-02T02:50:00,198.335
2026-01-02T02:51:00,196.151
2026-01-02T02:52:00,196.969
2026-01-02T02:53:00,197.434
2026-01-02T02:54:00,194.390
2026-01-02T02:55:00,199.214
2026-01-02T02:56:00,208.727
2026-01-02T02:57:00,189.949
2026-01-02T02:58:00,198.341
2026-01-02T02:59:00,193.993
2026-01-02T03:00:00,199.334
2026-01-02T03:01:00,197.203
2026-01-02T03:02:00,200.058
2026-01-02T03:03:00,201.708
2026-01-02T03:04:00,197.772
2026-01-02T03:05:00,201.529
2026-01-02T03:06:00,187.623
2026-01-02T03:07:00,203.363
2026-01-02T03:08:00,198.504
2026-01-02T03:09:00,201.319
2026-01-02T03:10:00,192.134
2026-01-02T03:11:00,193.697
2026-01-02T03:12:00,197.612
2026-01-02T03:13:00,196.970
2026-01-02T03:14:00,198.182
2026-01-02T03:15:00,201.401
2026-01-02T03:16:00,190.016
2026-01-02T03:17:00,200.988
2026-01-02T03:18:00,197.143
2026-01-02T03:19:00,196.314
2026-01-02T03:20:00,191.264
2026-01-02T03:21:00,199.182
2026-01-02T03:22:00,187.536
2026-01-02T03:23:00,199.811
2026-01-02T03:24:00,191.274
2026-01-02T03:25:00,197.483
2026-01-02T03:26:00,196.821
2026-01-02T03:27:00,202.006
2026-01-02T03:28:00,196.644
2026-01-02T03:29:00,194.614
2026-01-02T03:30:00,195.398
2026-01-02T03:31:00,202.551
2026-01-02T03:32:00,199.640
2026-01-02T03:33:00,195.990
2026-01-02T03:34:00,196.625
2026-01-02T03:35:00,191.342
2026-01-02T03:36:00,199.206
2026-01-02T03:37:00,190.654
2026-01-02T03:38:00,200.744
2026-01-02T03:39:00,198.296
2026-01-02T03:40:00,207.374
2026-01-02T03:41:00,193.473
2026-01-02T03:42:00,197.510
2026-01-02T03:43:00,205.162
2026-01-02T03:44:00,202.784
2026-01-02T03:45:00,195.285
2026-01-02T03:46:00,199.017
2026-01-02T03:47:00,198.181
2026-01-02T03:48:00,199.354
2026-01-02T03:49:00,195.486
2026-01-02T03:50:00,197.979
2026-01-02T03:51:00,192.000
2026-01-02T03:52:00,198.989
2026-01-02T03:53:00,200.306
2026-01-02T03:54:00,197.654
2026-01-02T03:55:00,192.163
2026-01-02T03:56:00,202.637
2026-01-02T03:57:00,200.201
2026-01-02T03:58:00,195.899
2026-01-02T03:59:00,197.743
2026-01-02T04:00:00,192.924
2026-01-02T04:01:00,194.888
2026-01-02T04:02:00,196.901
2026-01-02T04:03:00,204.030
2026-01-02T04:04:00,196.622
2026-01-02T04:05:00,201.805
2026-01-02T04:06:00,197.156
2026-01-02T04:07:00,200.366
2026-01-02T04:08:00,198.874
2026-01-02T04:09:00,202.997
2026-01-02T04:10:00,197.432
2026-01-02T04:11:00,193.347
2026-01-02T04:12:00,194.175
2026-01-02T04:13:00,197.642
2026-01-02T04:14:00,194.840
2026-01-02T04:15:00,201.544
2026-01-02T04:16:00,198.106
2026-01-02T04:17:00,209.534
2026-01-02T04:18:00,193.152
2026-01-02T04:19:00,200.984
2026-01-02T04:20:00,195.724
2026-01-02T04:21:00,198.329
2026-01-02T04:22:00,200.934
2026-01-02T04:23:00,191.133
2026-01-02T04:24:00,201.448
2026-01-02T04:25:00,208.178
2026-01-02T04:26:00,198.817
2026-01-02T04:27:00,201.735
2026-01-02T04:28:00,204.861
2026-01-02T04:29:00,200.169
2026-01-02T04:30:00,198.565
2026-01-02T04:31:00,191.850
2026-01-02T04:32:00,203.579
2026-01-02T04:33:00,200.625
2026-01-02T04:34:00,197.089
2026-01-02T04:35:00,201.708
2026-01-02T04:36:00,198.927
2026-01-02T04:37:00,199.209
2026-01-02T04:38:00,203.807
2026-01-02T04:39:00,196.087
2026-01-02T04:40:00,205.688
2026-01-02T04:41:00,195.965
2026-01-02T04:42:00,198.962
2026-01-02T04:43:00,209.360
2026-01-02T04:44:00,1118.568
2026-01-02T04:45:00,202.168
2026-01-02T04:46:00,198.069
2026-01-02T04:47:00,199.766
2026-01-02T04:48:00,202.228
2026-01-02T04:49:00,202.135
2026-01-02T04:50:00,201.671
2026-01-02T04:51:00,201.960
2026-01-02T04:52:00,201.273
2026-01-02T04:53:00,196.409
2026-01-02T04:54:00,200.156
2026-01-02T04:55:00,205.925
2026-01-02T04:56:00,196.836
2026-01-02T04:57:00,201.593
2026-01-02T04:58:00,199.113
2026-01-02T04:59:00,202.877
2026-01-02T05:00:00,200.916
2026-01-02T05:01:00,208.417
2026-01-02T05:02:00,204.570
2026-01-02T05:03:00,197.331
2026-01-02T05:04:00,205.297
2026-01-02T05:05:00,199.545
2026-01-02T05:06:00,200.367
2026-01-02T05:07:00,203.960
2026-01-02T05:08:00,200.766
2026-01-02T05:09:00,206.331
2026-01-02T05:10:00,199.687
2026-01-02T05:11:00,200.333
2026-01-02T05:12:00,200.206
2026-01-02T05:13:00,200.590
2026-01-02T05:14:00,207.270
2026-01-02T05:15:00,205.407
2026-01-02T05:16:00,209.748
2026-01-02T05:17:00,211.995
2026-01-02T05:18:00,198.815
2026-01-02T05:19:00,203.233
2026-01-02T05:20:00,198.257
2026-01-02T05:21:00,199.862
2026-01-02T05:22:00,200.460
2026-01-02T05:23:00,198.759
2026-01-02T05:24:00,198.785
2026-01-02T05:25:00,202.419
2026-01-02T05:26:00,198.132
2026-01-02T05:27:00,206.368
2026-01-02T05:28:00,199.328
2026-01-02T05:29:00,214.236
2026-01-02T05:30:00,201.188
2026-01-02T05:31:00,203.277
2026-01-02T05:32:00,197.801
2026-01-02T05:33:00,209.799
2026-01-02T05:34:00,207.443
2026-01-02T05:35:00,204.142
2026-01-02T05:36:00,197.555
2026-01-02T05:37:00,203.771
2026-01-02T05:38:00,198.427
2026-01-02T05:39:00,208.746
2026-01-02T05:40:00,206.115
2026-01-02T05:41:00,203.241
2026-01-02T05:42:00,193.093
2026-01-02T05:43:00,198.882
2026-01-02T05:44:00,205.543
2026-01-02T05:45:00,207.618
2026-01-02T05:46:00,207.177
2026-01-02T05:47:00,196.345
2026-01-02T05:48:00,203.890
2026-01-02T05:49:00,206.715
2026-01-02T05:50:00,195.988
2026-01-02T05:51:00,202.557
2026-01-02T05:52:00,203.649
2026-01-02T05:53:00,201.315
2026-01-02T05:54:00,195.073
2026-01-02T05:55:00,201.141
2026-01-02T05:56:00,201.095
2026-01-02T05:57:00,201.771
2026-01-02T05:58:00,200.068
2026-01-02T05:59:00,200.507
2026-01-02T06:00:00,202.077
2026-01-02T06:01:00,203.960
2026-01-02T06:02:00,200.927
2026-01-02T06:03:00,200.458
2026-01-02T06:04:00,202.418
2026-01-02T06:05:00,194.316
2026-01-02T06:06:00,203.858
2026-01-02T06:07:00,201.896
2026-01-02T06:08:00,202.005
2026-01-02T06:09:00,205.636
2026-01-02T06:10:00,193.928
2026-01-02T06:11:00,193.789
2026-01-02T06:12:00,202.724
2026-01-02T06:13:00,201.544
2026-01-02T06:14:00,202.196
2026-01-02T06:15:00,199.609
2026-01-02T06:16:00,204.056
2026-01-02T06:17:00,205.070
2026-01-02T06:18:00,203.216
2026-01-02T06:19:00,200.176
2026-01-02T06:20:00,192.727
2026-01-02T06:21:00,204.173
2026-01-02T06:22:00,967.614
2026-01-02T06:23:00,203.549
2026-01-02T06:24:00,197.389
2026-01-02T06:25:00,203.539
2026-01-02T06:26:00,204.222
2026-01-02T06:27:00,206.950
2026-01-02T06:28:00,197.146
2026-01-02T06:29:00,199.679
2026-01-02T06:30:00,203.509
2026-01-02T06:31:00,200.683
2026-01-02T06:32:00,195.918
2026-01-02T06:33:00,201.980
2026-01-02T06:34:00,202.570
2026-01-02T06:35:00,200.541
2026-01-02T06:36:00,201.000
2026-01-02T06:37:00,199.021
2026-01-02T06:38:00,205.902
2026-01-02T06:39:00,196.319
2026-01-02T06:40:00,197.506
2026-01-02T06:41:00,199.833
2026-01-02T06:42:00,203.238
2026-01-02T06:43:00,193.667
2026-01-02T06:44:00,194.349
2026-01-02T06:45:00,191.373
2026-01-02T06:46:00,199.589
2026-01-02T06:47:00,194.920
2026-01-02T06:48:00,197.790
2026-01-02T06:49:00,201.909
2026-01-02T06:50:00,196.632
2026-01-02T06:51:00,200.060
2026-01-02T06:52:00,197.874
2026-01-02T06:53:00,201.696
2026-01-02T06:54:00,200.846
2026-01-02T06:55:00,196.115
2026-01-02T06:56:00,198.147
2026-01-02T06:57:00,202.935
2026-01-02T06:58:00,200.274
2026-01-02T06:59:00,193.052
2026-01-02T07:00:00,201.204
2026-01-02T07:01:00,194.184
2026-01-02T07:02:00,204.115
2026-01-02T07:03:00,202.505
2026-01-02T07:04:00,199.512
2026-01-02T07:05:00,198.926
2026-01-02T07:06:00,197.406
2026-01-02T07:07:00,200.903
2026-01-02T07:08:00,196.653
2026-01-02T07:09:00,199.027
2026-01-02T07:10:00,201.521
2026-01-02T07:11:00,195.736
2026-01-02T07:12:00,195.470
2026-01-02T07:13:00,193.109
2026-01-02T07:14:00,193.582
2026-01-02T07:15:00,190.481
2026-01-02T07:16:00,200.669
2026-01-02T07:17:00,204.942
2026-01-02T07:18:00,203.365
2026-01-02T07:19:00,191.118
2026-01-02T07:20:00,200.482
2026-01-02T07:21:00,203.232
2026-01-02T07:22:00,195.679
2026-01-02T07:23:00,197.875
2026-01-02T07:24:00,189.403
2026-01-02T07:25:00,198.467
2026-01-02T07:26:00,193.114
2026-01-02T07:27:00,198.135
2026-01-02T07:28:00,191.062
2026-01-02T07:29:00,199.449
2026-01-02T07:30:00,201.348
2026-01-02T07:31:00,194.092
2026-01-02T07:32:00,192.652
2026-01-02T07:33:00,188.553
2026-01-02T07:34:00,196.089
2026-01-02T07:35:00,194.808
2026-01-02T07:36:00,190.911
2026-01-02T07:37:00,198.910
2026-01-02T07:38:00,1068.131
2026-01-02T07:39:00,192.764
2026-01-02T07:40:00,194.835
2026-01-02T07:41:00,201.327
2026-01-02T07:42:00,199.443
2026-01-02T07:43:00,196.502
2026-01-02T07:44:00,199.492
2026-01-02T07:45:00,192.366
2026-01-02T07:46:00,197.134
2026-01-02T07:47:00,197.591
2026-01-02T07:48:00,195.121
2026-01-02T07:49:00,198.742
2026-01-02T07:50:00,193.880
2026-01-02T07:51:00,199.044
2026-01-02T07:52:00,199.216
2026-01-02T07:53:00,185.346
2026-01-02T07:54:00,201.783
2026-01-02T07:55:00,184.841
2026-01-02T07:56:00,194.577
2026-01-02T07:57:00,201.155
2026-01-02T07:58:00,195.797
2026-01-02T07:59:00,191.216
2026-01-02T08:00:00,192.722
2026-01-02T08:01:00,201.222
2026-01-02T08:02:00,189.448
2026-01-02T08:03:00,201.670
2026-01-02T08:04:00,196.955
2026-01-02T08:05:00,192.429
2026-01-02T08:06:00,194.891
2026-01-02T08:07:00,193.181
2026-01-02T08:08:00,200.742
2026-01-02T08:09:00,200.235
2026-01-02T08:10:00,190.459
2026-01-02T08:11:00,195.752
2026-01-02T08:12:00,193.947
2026-01-02T08:13:00,202.607
2026-01-02T08:14:00,192.068
2026-01-02T08:15:00,203.922
2026-01-02T08:16:00,197.409
2026-01-02T08:17:00,192.933
2026-01-02T08:18:00,194.912
2026-01-02T08:19:00,194.456
2026-01-02T08:20:00,192.606
2026-01-02T08:21:00,198.128
2026-01-02T08:22:00,192.881
2026-01-02T08:23:00,189.117
2026-01-02T08:24:00,196.367
2026-01-02T08:25:00,190.722
2026-01-02T08:26:00,194.973
2026-01-02T08:27:00,194.395
2026-01-02T08:28:00,194.598
2026-01-02T08:29:00,206.138
2026-01-02T08:30:00,198.413
2026-01-02T08:31:00,199.222
2026-01-02T08:32:00,191.189
2026-01-02T08:33:00,195.734
2026-01-02T08:34:00,199.267
2026-01-02T08:35:00,194.365
2026-01-02T08:36:00,202.153
2026-01-02T08:37:00,193.768
2026-01-02T08:38:00,197.493
2026-01-02T08:39:00,196.354
2026-01-02T08:40:00,199.416
2026-01-02T08:41:00,196.257
2026-01-02T08:42:00,197.797
2026-01-02T08:43:00,197.998
2026-01-02T08:44:00,196.068
2026-01-02T08:45:00,201.009
2026-01-02T08:46:00,200.086
2026-01-02T08:47:00,198.842
2026-01-02T08:48:00,197.539
2026-01-02T08:49:00,202.512
2026-01-02T08:50:00,198.447
2026-01-02T08:51:00,198.229
2026-01-02T08:52:00,199.941
2026-01-02T08:53:00,206.374
2026-01-02T08:54:00,194.292
2026-01-02T08:55:00,202.800
2026-01-02T08:56:00,1049.863
2026-01-02T08:57:00,200.722
2026-01-02T08:58:00,206.220
2026-01-02T08:59:00,201.941
2026-01-02T09:00:00,200.736
2026-01-02T09:01:00,197.878
2026-01-02T09:02:00,200.311
2026-01-02T09:03:00,199.245
2026-01-02T09:04:00,197.175
2026-01-02T09:05:00,199.226
2026-01-02T09:06:00,201.245
2026-01-02T09:07:00,197.448
2026-01-02T09:08:00,197.358
2026-01-02T09:09:00,195.207
2026-01-02T09:10:00,202.276
2026-01-02T09:11:00,202.959
2026-01-02T09:12:00,201.768
2026-01-02T09:13:00,204.766
2026-01-02T09:14:00,201.320
2026-01-02T09:15:00,202.600
2026-01-02T09:16:00,202.309
2026-01-02T09:17:00,200.790
2026-01-02T09:18:00,199.094
2026-01-02T09:19:00,210.134
2026-01-02T09:20:00,199.530
2026-01-02T09:21:00,198.733
2026-01-02T09:22:00,203.192
2026-01-02T09:23:00,202.521
2026-01-02T09:24:00,195.952
2026-01-02T09:25:00,206.118
2026-01-02T09:26:00,201.306
2026-01-02T09:27:00,197.294
2026-01-02T09:28:00,206.547
2026-01-02T09:29:00,204.347
2026-01-02T09:30:00,196.838
2026-01-02T09:31:00,209.056
2026-01-02T09:32:00,204.633
2026-01-02T09:33:00,202.006
2026-01-02T09:34:00,208.456
2026-01-02T09:35:00,202.780
2026-01-02T09:36:00,751.032
2026-01-02T09:37:00,199.593
2026-01-02T09:38:00,204.605
2026-01-02T09:39:00,204.227
2026-01-02T09:40:00,202.421
2026-01-02T09:41:00,199.243
2026-01-02T09:42:00,202.962
2026-01-02T09:43:00,202.201
2026-01-02T09:44:00,197.183
2026-01-02T09:45:00,196.665
2026-01-02T09:46:00,204.848
2026-01-02T09:47:00,192.213
2026-01-02T09:48:00,203.474
2026-01-02T09:49:00,200.770
2026-01-02T09:50:00,207.945
2026-01-02T09:51:00,200.766
2026-01-02T09:52:00,205.404
2026-01-02T09:53:00,201.204
2026-01-02T09:54:00,203.270
2026-01-02T09:55:00,205.785
2026-01-02T09:56:00,201.008
2026-01-02T09:57:00,206.864
2026-01-02T09:58:00,198.921
2026-01-02T09:59:00,204.091
2026-01-02T10:00:00,206.618
2026-01-02T10:01:00,205.582
2026-01-02T10:02:00,210.620
2026-01-02T10:03:00,199.911
2026-01-02T10:04:00,197.458
2026-01-02T10:05:00,199.005
2026-01-02T10:06:00,205.631
2026-01-02T10:07:00,204.986
2026-01-02T10:08:00,203.406
2026-01-02T10:09:00,198.508
2026-01-02T10:10:00,206.067
2026-01-02T10:11:00,198.100
2026-01-02T10:12:00,207.632
2026-01-02T10:13:00,214.423
2026-01-02T10:14:00,204.453
2026-01-02T10:15:00,205.313
2026-01-02T10:16:00,201.001
2026-01-02T10:17:00,195.722
2026-01-02T10:18:00,200.541
2026-01-02T10:19:00,198.567
2026-01-02T10:20:00,197.137
2026-01-02T10:21:00,209.798
2026-01-02T10:22:00,203.983
2026-01-02T10:23:00,204.392
2026-01-02T10:24:00,201.618
2026-01-02T10:25:00,202.141
2026-01-02T10:26:00,206.668
2026-01-02T10:27:00,202.656
2026-01-02T10:28:00,204.883
2026-01-02T10:29:00,201.949
2026-01-02T10:30:00,201.337
2026-01-02T10:31:00,197.048
2026-01-02T10:32:00,194.734
2026-01-02T10:33:00,201.567
2026-01-02T10:34:00,202.806
2026-01-02T10:35:00,197.400
2026-01-02T10:36:00,202.371
2026-01-02T10:37:00,202.687
2026-01-02T10:38:00,193.809
2026-01-02T10:39:00,198.733
2026-01-02T10:40:00,203.982
2026-01-02T10:41:00,203.859
2026-01-02T10:42:00,197.653
2026-01-02T10:43:00,202.858
2026-01-02T10:44:00,206.268
2026-01-02T10:45:00,205.241
2026-01-02T10:46:00,201.704
2026-01-02T10:47:00,200.164
2026-01-02T10:48:00,199.470
2026-01-02T10:49:00,203.808
2026-01-02T10:50:00,202.666
2026-01-02T10:51:00,204.350
2026-01-02T10:52:00,202.307
2026-01-02T10:53:00,205.000
2026-01-02T10:54:00,202.049
2026-01-02T10:55:00,204.753
2026-01-02T10:56:00,205.041
2026-01-02T10:57:00,198.283
2026-01-02T10:58:00,194.210
2026-01-02T10:59:00,207.558
2026-01-02T11:00:00,202.351
2026-01-02T11:01:00,194.406
2026-01-02T11:02:00,198.348
2026-01-02T11:03:00,204.230
2026-01-02T11:04:00,199.961
2026-01-02T11:05:00,198.969
2026-01-02T11:06:00,206.558
2026-01-02T11:07:00,196.702
2026-01-02T11:08:00,197.635
2026-01-02T11:09:00,201.609
2026-01-02T11:10:00,202.260
2026-01-02T11:11:00,202.619
2026-01-02T11:12:00,204.213
2026-01-02T11:13:00,201.297
2026-01-02T11:14:00,202.394
2026-01-02T11:15:00,199.334
2026-01-02T11:16:00,200.555
2026-01-02T11:17:00,200.668
2026-01-02T11:18:00,201.032
2026-01-02T11:19:00,203.195
2026-01-02T11:20:00,202.259
2026-01-02T11:21:00,200.149
2026-01-02T11:22:00,196.669
2026-01-02T11:23:00,200.109
2026-01-02T11:24:00,199.660
2026-01-02T11:25:00,200.478
2026-01-02T11:26:00,208.465
2026-01-02T11:27:00,197.478
2026-01-02T11:28:00,201.196
2026-01-02T11:29:00,203.715
2026-01-02T11:30:00,199.768
2026-01-02T11:31:00,208.663
2026-01-02T11:32:00,197.734
2026-01-02T11:33:00,200.479
2026-01-02T11:34:00,195.923
2026-01-02T11:35:00,197.649
2026-01-02T11:36:00,199.987
2026-01-02T11:37:00,202.314
2026-01-02T11:38:00,200.144
2026-01-02T11:39:00,203.842
2026-01-02T11:40:00,198.365
2026-01-02T11:41:00,197.356
2026-01-02T11:42:00,209.441
2026-01-02T11:43:00,200.143
2026-01-02T11:44:00,195.630
2026-01-02T11:45:00,195.673
2026-01-02T11:46:00,194.623
2026-01-02T11:47:00,202.084
2026-01-02T11:48:00,196.825
2026-01-02T11:49:00,198.738
2026-01-02T11:50:00,197.921
2026-01-02T11:51:00,201.049
2026-01-02T11:52:00,194.684
2026-01-02T11:53:00,193.718
2026-01-02T11:54:00,198.868
2026-01-02T11:55:00,200.326
2026-01-02T11:56:00,199.205
2026-01-02T11:57:00,194.590
2026-01-02T11:58:00,200.493
2026-01-02T11:59:00,194.763
2026-01-02T12:00:00,195.609
2026-01-02T12:01:00,193.877
2026-01-02T12:02:00,202.817
2026-01-02T12:03:00,200.106
2026-01-02T12:04:00,199.954
2026-01-02T12:05:00,202.485
2026-01-02T12:06:00,208.711
2026-01-02T12:07:00,190.589
2026-01-02T12:08:00,194.438
2026-01-02T12:09:00,194.895
2026-01-02T12:10:00,193.925
2026-01-02T12:11:00,192.989
2026-01-02T12:12:00,196.072
2026-01-02T12:13:00,192.377
2026-01-02T12:14:00,198.558
2026-01-02T12:15:00,197.401
2026-01-02T12:16:00,199.095
2026-01-02T12:17:00,199.180
2026-01-02T12:18:00,199.541
2026-01-02T12:19:00,195.617
2026-01-02T12:20:00,205.578
2026-01-02T12:21:00,198.015
2026-01-02T12:22:00,189.613
2026-01-02T12:23:00,193.041
2026-01-02T12:24:00,190.077
2026-01-02T12:25:00,197.098
2026-01-02T12:26:00,196.533
2026-01-02T12:27:00,195.140
2026-01-02T12:28:00,205.052
2026-01-02T12:29:00,199.200
2026-01-02T12:30:00,1102.641
2026-01-02T12:31:00,193.276
2026-01-02T12:32:00,193.004
2026-01-02T12:33:00,197.149
2026-01-02T12:34:00,197.698
2026-01-02T12:35:00,189.585
2026-01-02T12:36:00,196.295
2026-01-02T12:37:00,197.081
2026-01-02T12:38:00,196.173
2026-01-02T12:39:00,193.791
2026-01-02T12:40:00,194.898
2026-01-02T12:41:00,196.363
2026-01-02T12:42:00,197.448
2026-01-02T12:43:00,199.521
2026-01-02T12:44:00,201.443
2026-01-02T12:45:00,195.961
2026-01-02T12:46:00,195.335
2026-01-02T12:47:00,198.932
2026-01-02T12:48:00,199.649
2026-01-02T12:49:00,195.493
2026-01-02T12:50:00,200.418
2026-01-02T12:51:00,201.202
2026-01-02T12:52:00,202.480
2026-01-02T12:53:00,204.457
2026-01-02T12:54:00,193.909
2026-01-02T12:55:00,197.463
2026-01-02T12:56:00,197.487
2026-01-02T12:57:00,197.085
2026-01-02T12:58:00,194.917
2026-01-02T12:59:00,191.610
2026-01-02T13:00:00,197.962
2026-01-02T13:01:00,194.558
2026-01-02T13:02:00,198.017
2026-01-02T13:03:00,194.540
2026-01-02T13:04:00,193.361
2026-01-02T13:05:00,198.742
2026-01-02T13:06:00,198.454
2026-01-02T13:07:00,200.215
2026-01-02T13:08:00,206.689
2026-01-02T13:09:00,199.104
2026-01-02T13:10:00,199.985
2026-01-02T13:11:00,193.785
2026-01-02T13:12:00,193.000
2026-01-02T13:13:00,204.532
2026-01-02T13:14:00,194.560
2026-01-02T13:15:00,194.133
2026-01-02T13:16:00,198.208
2026-01-02T13:17:00,198.060
2026-01-02T13:18:00,194.868
2026-01-02T13:19:00,197.316
2026-01-02T13:20:00,203.512
2026-01-02T13:21:00,195.429
2026-01-02T13:22:00,193.139
2026-01-02T13:23:00,202.544
2026-01-02T13:24:00,200.804
2026-01-02T13:25:00,196.415
2026-01-02T13:26:00,192.630
2026-01-02T13:27:00,196.043
2026-01-02T13:28:00,198.866
2026-01-02T13:29:00,203.811
2026-01-02T13:30:00,195.067
2026-01-02T13:31:00,198.939
2026-01-02T13:32:00,202.043
2026-01-02T13:33:00,189.882
2026-01-02T13:34:00,203.608
2026-01-02T13:35:00,194.809
2026-01-02T13:36:00,200.933
2026-01-02T13:37:00,200.658
2026-01-02T13:38:00,204.076
2026-01-02T13:39:00,202.007
2026-01-02T13:40:00,190.361
2026-01-02T13:41:00,196.798
2026-01-02T13:42:00,200.556
2026-01-02T13:43:00,199.290
2026-01-02T13:44:00,202.047
2026-01-02T13:45:00,203.361
2026-01-02T13:46:00,202.704
2026-01-02T13:47:00,199.479
2026-01-02T13:48:00,193.017
2026-01-02T13:49:00,198.646
2026-01-02T13:50:00,202.199
2026-01-02T13:51:00,196.238
2026-01-02T13:52:00,203.190
2026-01-02T13:53:00,204.363
2026-01-02T13:54:00,201.301
2026-01-02T13:55:00,188.603
2026-01-02T13:56:00,195.809
2026-01-02T13:57:00,208.530
2026-01-02T13:58:00,973.998
2026-01-02T13:59:00,193.173
2026-01-02T14:00:00,206.113
2026-01-02T14:01:00,201.286
2026-01-02T14:02:00,205.713
2026-01-02T14:03:00,202.461
2026-01-02T14:04:00,203.246
2026-01-02T14:05:00,202.923
2026-01-02T14:06:00,204.318
2026-01-02T14:07:00,210.695
2026-01-02T14:08:00,205.525
2026-01-02T14:09:00,195.376
2026-01-02T14:10:00,203.538
2026-01-02T14:11:00,206.371
2026-01-02T14:12:00,206.669
2026-01-02T14:13:00,200.203
2026-01-02T14:14:00,206.620
2026-01-02T14:15:00,205.722
2026-01-02T14:16:00,212.350
2026-01-02T14:17:00,199.108
2026-01-02T14:18:00,200.125
2026-01-02T14:19:00,200.976
2026-01-02T14:20:00,200.284
2026-01-02T14:21:00,198.729
2026-01-02T14:22:00,191.281
2026-01-02T14:23:00,200.634
2026-01-02T14:24:00,203.890
2026-01-02T14:25:00,200.479
2026-01-02T14:26:00,210.231
2026-01-02T14:27:00,202.580
2026-01-02T14:28:00,207.726
2026-01-02T14:29:00,203.641
2026-01-02T14:30:00,205.934
2026-01-02T14:31:00,203.777
2026-01-02T14:32:00,208.165
2026-01-02T14:33:00,202.943
2026-01-02T14:34:00,204.731
2026-01-02T14:35:00,204.238
2026-01-02T14:36:00,201.644
2026-01-02T14:37:00,204.441
2026-01-02T14:38:00,211.780
2026-01-02T14:39:00,201.782
2026-01-02T14:40:00,204.560
2026-01-02T14:41:00,207.931
2026-01-02T14:42:00,207.478
2026-01-02T14:43:00,202.978
2026-01-02T14:44:00,193.411
2026-01-02T14:45:00,205.024
2026-01-02T14:46:00,194.090
2026-01-02T14:47:00,208.856
2026-01-02T14:48:00,203.662
2026-01-02T14:49:00,206.989
2026-01-02T14:50:00,199.386
2026-01-02T14:51:00,196.788
2026-01-02T14:52:00,204.043
2026-01-02T14:53:00,202.865
2026-01-02T14:54:00,201.032
2026-01-02T14:55:00,203.334
2026-01-02T14:56:00,214.061
2026-01-02T14:57:00,206.324
2026-01-02T14:58:00,207.177
2026-01-02T14:59:00,206.346
2026-01-02T15:00:00,208.878
2026-01-02T15:01:00,202.188
2026-01-02T15:02:00,194.716
2026-01-02T15:03:00,202.166
2026-01-02T15:04:00,206.152
2026-01-02T15:05:00,199.008
2026-01-02T15:06:00,202.163
2026-01-02T15:07:00,200.081
2026-01-02T15:08:00,208.835
2026-01-02T15:09:00,205.802
2026-01-02T15:10:00,205.385
2026-01-02T15:11:00,205.240
2026-01-02T15:12:00,202.577
2026-01-02T15:13:00,203.488
2026-01-02T15:14:00,197.927
2026-01-02T15:15:00,193.891
2026-01-02T15:16:00,203.205
2026-01-02T15:17:00,203.867
2026-01-02T15:18:00,207.373
2026-01-02T15:19:00,208.785
2026-01-02T15:20:00,208.742
2026-01-02T15:21:00,198.431
2026-01-02T15:22:00,200.974
2026-01-02T15:23:00,204.264
2026-01-02T15:24:00,212.428
2026-01-02T15:25:00,208.177
2026-01-02T15:26:00,206.690
2026-01-02T15:27:00,200.616
2026-01-02T15:28:00,198.587
2026-01-02T15:29:00,205.228
2026-01-02T15:30:00,197.621
2026-01-02T15:31:00,201.020
2026-01-02T15:32:00,201.464
2026-01-02T15:33:00,208.243
2026-01-02T15:34:00,200.400
2026-01-02T15:35:00,192.009
2026-01-02T15:36:00,203.729
2026-01-02T15:37:00,198.860
2026-01-02T15:38:00,201.771
2026-01-02T15:39:00,201.197
2026-01-02T15:40:00,200.391
2026-01-02T15:41:00,204.589
2026-01-02T15:42:00,195.237
2026-01-02T15:43:00,199.241
2026-01-02T15:44:00,203.985
2026-01-02T15:45:00,198.731
2026-01-02T15:46:00,194.691
2026-01-02T15:47:00,203.738
2026-01-02T15:48:00,205.494
2026-01-02T15:49:00,200.759
2026-01-02T15:50:00,193.032
2026-01-02T15:51:00,203.635
2026-01-02T15:52:00,194.107
2026-01-02T15:53:00,201.917
2026-01-02T15:54:00,197.067
2026-01-02T15:55:00,195.912
2026-01-02T15:56:00,198.718
2026-01-02T15:57:00,199.687
2026-01-02T15:58:00,197.777
2026-01-02T15:59:00,202.642
2026-01-02T16:00:00,198.437
2026-01-02T16:01:00,204.075
2026-01-02T16:02:00,201.213
2026-01-02T16:03:00,197.231
2026-01-02T16:04:00,196.491
2026-01-02T16:05:00,193.298
2026-01-02T16:06:00,200.984
2026-01-02T16:07:00,198.336
2026-01-02T16:08:00,190.200
2026-01-02T16:09:00,197.479
2026-01-02T16:10:00,195.952
2026-01-02T16:11:00,205.793
2026-01-02T16:12:00,192.614
2026-01-02T16:13:00,193.594
2026-01-02T16:14:00,203.734
2026-01-02T16:15:00,778.349
2026-01-02T16:16:00,196.186
2026-01-02T16:17:00,196.574
2026-01-02T16:18:00,201.503
2026-01-02T16:19:00,189.667
2026-01-02T16:20:00,191.468
2026-01-02T16:21:00,197.728
2026-01-02T16:22:00,204.990
2026-01-02T16:23:00,196.986
2026-01-02T16:24:00,199.073
2026-01-02T16:25:00,203.145
2026-01-02T16:26:00,206.979
2026-01-02T16:27:00,196.186
2026-01-02T16:28:00,198.368
2026-01-02T16:29:00,205.668
2026-01-02T16:30:00,192.235
2026-01-02T16:31:00,202.379
2026-01-02T16:32:00,194.141
2026-01-02T16:33:00,198.572
2026-01-02T16:34:00,197.139
2026-01-02T16:35:00,194.226
2026-01-02T16:36:00,194.075
2026-01-02T16:37:00,199.064
2026-01-02T16:38:00,201.892
2026-01-02T16:39:00,197.344
2026-01-02T16:40:00,198.097
2026-01-02T16:41:00,200.056
2026-01-02T16:42:00,193.841
2026-01-02T16:43:00,200.643
2026-01-02T16:44:00,200.920
2026-01-02T16:45:00,208.016
2026-01-02T16:46:00,196.058
2026-01-02T16:47:00,195.692
2026-01-02T16:48:00,200.563
2026-01-02T16:49:00,200.728
2026-01-02T16:50:00,195.276
2026-01-02T16:51:00,195.771
2026-01-02T16:52:00,199.516
2026-01-02T16:53:00,194.011
2026-01-02T16:54:00,195.649
2026-01-02T16:55:00,197.622
2026-01-02T16:56:00,201.221
2026-01-02T16:57:00,194.793
2026-01-02T16:58:00,189.818
2026-01-02T16:59:00,189.499
2026-01-02T17:00:00,192.106
2026-01-02T17:01:00,191.872
2026-01-02T17:02:00,196.488
2026-01-02T17:03:00,192.334
2026-01-02T17:04:00,194.263
2026-01-02T17:05:00,193.964
2026-01-02T17:06:00,195.285
2026-01-02T17:07:00,202.326
2026-01-02T17:08:00,199.674
2026-01-02T17:09:00,197.083
2026-01-02T17:10:00,195.168
2026-01-02T17:11:00,195.274
2026-01-02T17:12:00,198.314
2026-01-02T17:13:00,199.337
2026-01-02T17:14:00,193.370
2026-01-02T17:15:00,197.147
2026-01-02T17:16:00,188.876
2026-01-02T17:17:00,197.854
2026-01-02T17:18:00,200.060
2026-01-02T17:19:00,195.898
2026-01-02T17:20:00,204.293
2026-01-02T17:21:00,850.043
2026-01-02T17:22:00,197.917
2026-01-02T17:23:00,196.916
2026-01-02T17:24:00,196.673
2026-01-02T17:25:00,196.632
2026-01-02T17:26:00,197.534
2026-01-02T17:27:00,200.516
2026-01-02T17:28:00,202.655
2026-01-02T17:29:00,197.156
2026-01-02T17:30:00,200.449
2026-01-02T17:31:00,194.404
2026-01-02T17:32:00,200.301
2026-01-02T17:33:00,194.215
2026-01-02T17:34:00,201.654
2026-01-02T17:35:00,206.163
2026-01-02T17:36:00,196.863
2026-01-02T17:37:00,188.613
2026-01-02T17:38:00,195.224
2026-01-02T17:39:00,202.379
2026-01-02T17:40:00,199.699
2026-01-02T17:41:00,198.519
2026-01-02T17:42:00,201.597
2026-01-02T17:43:00,199.539
2026-01-02T17:44:00,202.513
2026-01-02T17:45:00,201.362
2026-01-02T17:46:00,203.814
2026-01-02T17:47:00,199.206
2026-01-02T17:48:00,201.437
2026-01-02T17:49:00,196.634
2026-01-02T17:50:00,195.504
2026-01-02T17:51:00,204.785
2026-01-02T17:52:00,198.872
2026-01-02T17:53:00,201.277
2026-01-02T17:54:00,198.604
2026-01-02T17:55:00,195.815
2026-01-02T17:56:00,198.258
2026-01-02T17:57:00,204.012
2026-01-02T17:58:00,200.544
2026-01-02T17:59:00,191.533
2026-01-02T18:00:00,197.574
2026-01-02T18:01:00,205.622
2026-01-02T18:02:00,197.695
2026-01-02T18:03:00,191.407
2026-01-02T18:04:00,206.241
2026-01-02T18:05:00,201.458
2026-01-02T18:06:00,198.509
2026-01-02T18:07:00,197.365
2026-01-02T18:08:00,203.242
2026-01-02T18:09:00,196.807
2026-01-02T18:10:00,203.631
2026-01-02T18:11:00,201.270
2026-01-02T18:12:00,200.144
2026-01-02T18:13:00,199.811
2026-01-02T18:14:00,198.594
2026-01-02T18:15:00,203.542
2026-01-02T18:16:00,195.963
2026-01-02T18:17:00,193.002
2026-01-02T18:18:00,202.013
2026-01-02T18:19:00,202.147
2026-01-02T18:20:00,201.609
2026-01-02T18:21:00,201.385
2026-01-02T18:22:00,198.539
2026-01-02T18:23:00,203.037
2026-01-02T18:24:00,199.772
2026-01-02T18:25:00,198.072
2026-01-02T18:26:00,198.840
2026-01-02T18:27:00,208.236
2026-01-02T18:28:00,193.281
2026-01-02T18:29:00,202.286
2026-01-02T18:30:00,193.637
2026-01-02T18:31:00,199.986
2026-01-02T18:32:00,198.751
2026-01-02T18:33:00,192.211
2026-01-02T18:34:00,202.172
2026-01-02T18:35:00,199.161
2026-01-02T18:36:00,192.349
2026-01-02T18:37:00,204.169
2026-01-02T18:38:00,206.614
2026-01-02T18:39:00,206.898
2026-01-02T18:40:00,202.437
2026-01-02T18:41:00,201.248
2026-01-02T18:42:00,206.438
2026-01-02T18:43:00,207.917
2026-01-02T18:44:00,205.782
2026-01-02T18:45:00,197.542
2026-01-02T18:46:00,202.174
2026-01-02T18:47:00,203.185
2026-01-02T18:48:00,194.247
2026-01-02T18:49:00,203.420
2026-01-02T18:50:00,210.692
2026-01-02T18:51:00,204.216
2026-01-02T18:52:00,207.605
2026-01-02T18:53:00,202.497
2026-01-02T18:54:00,201.526
2026-01-02T18:55:00,203.396
2026-01-02T18:56:00,198.660
2026-01-02T18:57:00,198.119
2026-01-02T18:58:00,207.089
2026-01-02T18:59:00,207.561
2026-01-02T19:00:00,198.155
2026-01-02T19:01:00,206.038
2026-01-02T19:02:00,201.864
2026-01-02T19:03:00,203.616
2026-01-02T19:04:00,204.141
2026-01-02T19:05:00,206.319
2026-01-02T19:06:00,202.714
2026-01-02T19:07:00,208.064
2026-01-02T19:08:00,203.699
2026-01-02T19:09:00,204.996
2026-01-02T19:10:00,199.202
2026-01-02T19:11:00,211.205
2026-01-02T19:12:00,204.484
2026-01-02T19:13:00,205.489
2026-01-02T19:14:00,196.235
2026-01-02T19:15:00,199.407
2026-01-02T19:16:00,207.678
2026-01-02T19:17:00,203.901
2026-01-02T19:18:00,195.124
2026-01-02T19:19:00,206.957
2026-01-02T19:20:00,200.651
2026-01-02T19:21:00,208.493
2026-01-02T19:22:00,202.517
2026-01-02T19:23:00,203.706
2026-01-02T19:24:00,207.620
2026-01-02T19:25:00,199.331
2026-01-02T19:26:00,198.964
2026-01-02T19:27:00,202.162
2026-01-02T19:28:00,206.268
2026-01-02T19:29:00,1135.163
2026-01-02T19:30:00,196.306
2026-01-02T19:31:00,206.281
2026-01-02T19:32:00,200.580
2026-01-02T19:33:00,201.427
2026-01-02T19:34:00,195.571
2026-01-02T19:35:00,200.284
2026-01-02T19:36:00,202.969
2026-01-02T19:37:00,206.720
2026-01-02T19:38:00,199.910
2026-01-02T19:39:00,209.620
2026-01-02T19:40:00,200.246
2026-01-02T19:41:00,200.244
2026-01-02T19:42:00,209.117
2026-01-02T19:43:00,203.803
2026-01-02T19:44:00,200.737
2026-01-02T19:45:00,202.311
2026-01-02T19:46:00,208.329
2026-01-02T19:47:00,208.765
2026-01-02T19:48:00,199.616
2026-01-02T19:49:00,202.694
2026-01-02T19:50:00,203.204
2026-01-02T19:51:00,198.876
2026-01-02T19:52:00,202.575
2026-01-02T19:53:00,202.794
2026-01-02T19:54:00,207.308
2026-01-02T19:55:00,207.549
2026-01-02T19:56:00,201.374
2026-01-02T19:57:00,201.804
2026-01-02T19:58:00,205.286
2026-01-02T19:59:00,200.255
2026-01-02T20:00:00,204.917
2026-01-02T20:01:00,202.175
2026-01-02T20:02:00,198.612
2026-01-02T20:03:00,198.625
2026-01-02T20:04:00,208.202
2026-01-02T20:05:00,201.747
2026-01-02T20:06:00,208.893
2026-01-02T20:07:00,200.235
2026-01-02T20:08:00,203.410
2026-01-02T20:09:00,211.771
2026-01-02T20:10:00,197.925
2026-01-02T20:11:00,194.517
2026-01-02T20:12:00,207.206
2026-01-02T20:13:00,198.704
2026-01-02T20:14:00,201.878
2026-01-02T20:15:00,199.567
2026-01-02T20:16:00,202.931
2026-01-02T20:17:00,198.003
2026-01-02T20:18:00,201.032
2026-01-02T20:19:00,203.497
2026-01-02T20:20:00,197.609
2026-01-02T20:21:00,198.785
2026-01-02T20:22:00,200.139
2026-01-02T20:23:00,195.756
2026-01-02T20:24:00,199.722
2026-01-02T20:25:00,201.829
2026-01-02T20:26:00,199.695
2026-01-02T20:27:00,200.148
2026-01-02T20:28:00,201.092
2026-01-02T20:29:00,198.487
2026-01-02T20:30:00,203.812
2026-01-02T20:31:00,206.729
2026-01-02T20:32:00,199.065
2026-01-02T20:33:00,202.799
2026-01-02T20:34:00,199.836
2026-01-02T20:35:00,202.192
2026-01-02T20:36:00,206.928
2026-01-02T20:37:00,202.635
2026-01-02T20:38:00,193.441
2026-01-02T20:39:00,202.285
2026-01-02T20:40:00,205.334
2026-01-02T20:41:00,199.450
2026-01-02T20:42:00,204.253
2026-01-02T20:43:00,197.443
2026-01-02T20:44:00,194.195
2026-01-02T20:45:00,200.635
2026-01-02T20:46:00,192.978
2026-01-02T20:47:00,198.978
2026-01-02T20:48:00,205.018
2026-01-02T20:49:00,192.165
2026-01-02T20:50:00,194.620
2026-01-02T20:51:00,195.543
2026-01-02T20:52:00,199.352
2026-01-02T20:53:00,198.076
2026-01-02T20:54:00,205.070
2026-01-02T20:55:00,203.225
2026-01-02T20:56:00,201.324
2026-01-02T20:57:00,199.860
2026-01-02T20:58:00,200.786
2026-01-02T20:59:00,195.701
2026-01-02T21:00:00,202.514
2026-01-02T21:01:00,194.574
2026-01-02T21:02:00,202.301
2026-01-02T21:03:00,203.642
2026-01-02T21:04:00,199.679
2026-01-02T21:05:00,198.070
2026-01-02T21:06:00,200.315
2026-01-02T21:07:00,187.208
2026-01-02T21:08:00,199.804
2026-01-02T21:09:00,198.083
2026-01-02T21:10:00,198.276
2026-01-02T21:11:00,201.247
2026-01-02T21:12:00,198.066
2026-01-02T21:13:00,193.749
2026-01-02T21:14:00,197.689
2026-01-02T21:15:00,198.471
2026-01-02T21:16:00,198.608
2026-01-02T21:17:00,198.744
2026-01-02T21:18:00,202.203
2026-01-02T21:19:00,193.651
2026-01-02T21:20:00,198.649
2026-01-02T21:21:00,203.058
2026-01-02T21:22:00,190.912
2026-01-02T21:23:00,198.523
2026-01-02T21:24:00,195.418
2026-01-02T21:25:00,196.233
2026-01-02T21:26:00,194.054
2026-01-02T21:27:00,196.954
2026-01-02T21:28:00,204.957
2026-01-02T21:29:00,192.495
2026-01-02T21:30:00,192.836
2026-01-02T21:31:00,192.270
2026-01-02T21:32:00,204.352
2026-01-02T21:33:00,195.559
2026-01-02T21:34:00,197.273
2026-01-02T21:35:00,195.732
2026-01-02T21:36:00,193.536
2026-01-02T21:37:00,196.344
2026-01-02T21:38:00,207.090
2026-01-02T21:39:00,202.799
2026-01-02T21:40:00,193.794
2026-01-02T21:41:00,199.772
2026-01-02T21:42:00,193.834
2026-01-02T21:43:00,190.033
2026-01-02T21:44:00,201.198
2026-01-02T21:45:00,201.742
2026-01-02T21:46:00,201.269
2026-01-02T21:47:00,195.191
2026-01-02T21:48:00,196.389
2026-01-02T21:49:00,200.043
2026-01-02T21:50:00,198.600
2026-01-02T21:51:00,195.450
2026-01-02T21:52:00,190.540
2026-01-02T21:53:00,197.466
2026-01-02T21:54:00,201.322
2026-01-02T21:55:00,192.212
2026-01-02T21:56:00,199.555
2026-01-02T21:57:00,198.326
2026-01-02T21:58:00,200.002
2026-01-02T21:59:00,200.492
2026-01-02T22:00:00,194.230
2026-01-02T22:01:00,190.546
2026-01-02T22:02:00,194.886
2026-01-02T22:03:00,200.585
2026-01-02T22:04:00,194.871
2026-01-02T22:05:00,194.274
2026-01-02T22:06:00,189.778
2026-01-02T22:07:00,204.088
2026-01-02T22:08:00,200.396
2026-01-02T22:09:00,200.190
2026-01-02T22:10:00,201.000
2026-01-02T22:11:00,199.456
2026-01-02T22:12:00,196.193
2026-01-02T22:13:00,196.538
2026-01-02T22:14:00,195.508
2026-01-02T22:15:00,207.782
2026-01-02T22:16:00,199.494
2026-01-02T22:17:00,195.444
2026-01-02T22:18:00,199.190
2026-01-02T22:19:00,193.316
2026-01-02T22:20:00,203.410
2026-01-02T22:21:00,194.781
2026-01-02T22:22:00,899.782
2026-01-02T22:23:00,201.760
2026-01-02T22:24:00,199.073
2026-01-02T22:25:00,197.950
2026-01-02T22:26:00,197.655
2026-01-02T22:27:00,197.427
2026-01-02T22:28:00,195.388
2026-01-02T22:29:00,195.940
2026-01-02T22:30:00,203.701
2026-01-02T22:31:00,197.394
2026-01-02T22:32:00,194.731
2026-01-02T22:33:00,195.857
2026-01-02T22:34:00,202.372
2026-01-02T22:35:00,200.723
2026-01-02T22:36:00,200.312
2026-01-02T22:37:00,197.092
2026-01-02T22:38:00,200.468
2026-01-02T22:39:00,195.654
2026-01-02T22:40:00,197.244
2026-01-02T22:41:00,202.217
2026-01-02T22:42:00,201.890
2026-01-02T22:43:00,194.522
2026-01-02T22:44:00,195.085
2026-01-02T22:45:00,199.000
2026-01-02T22:46:00,205.529
2026-01-02T22:47:00,191.022
2026-01-02T22:48:00,199.858
2026-01-02T22:49:00,193.301
2026-01-02T22:50:00,196.329
2026-01-02T22:51:00,197.471
2026-01-02T22:52:00,197.309
2026-01-02T22:53:00,196.919
2026-01-02T22:54:00,199.147
2026-01-02T22:55:00,197.041
2026-01-02T22:56:00,193.396
2026-01-02T22:57:00,202.430
2026-01-02T22:58:00,202.387
2026-01-02T22:59:00,202.814
2026-01-02T23:00:00,193.344
2026-01-02T23:01:00,200.768
2026-01-02T23:02:00,202.343
2026-01-02T23:03:00,195.580
2026-01-02T23:04:00,199.808
2026-01-02T23:05:00,199.373
2026-01-02T23:06:00,207.273
2026-01-02T23:07:00,207.669
2026-01-02T23:08:00,193.380
2026-01-02T23:09:00,210.080
2026-01-02T23:10:00,196.510
2026-01-02T23:11:00,204.160
2026-01-02T23:12:00,204.186
2026-01-02T23:13:00,196.387
2026-01-02T23:14:00,202.409
2026-01-02T23:15:00,200.072
2026-01-02T23:16:00,202.785
2026-01-02T23:17:00,201.556
2026-01-02T23:18:00,205.483
2026-01-02T23:19:00,201.064
2026-01-02T23:20:00,200.155
2026-01-02T23:21:00,205.275
2026-01-02T23:22:00,203.276
2026-01-02T23:23:00,203.944
2026-01-02T23:24:00,803.487
2026-01-02T23:25:00,196.961
2026-01-02T23:26:00,198.932
2026-01-02T23:27:00,198.780
2026-01-02T23:28:00,204.469
2026-01-02T23:29:00,205.287
2026-01-02T23:30:00,200.822
2026-01-02T23:31:00,207.224
2026-01-02T23:32:00,207.032
2026-01-02T23:33:00,202.588
2026-01-02T23:34:00,198.382
2026-01-02T23:35:00,208.026
2026-01-02T23:36:00,201.535
2026-01-02T23:37:00,202.337
2026-01-02T23:38:00,200.526
2026-01-02T23:39:00,198.377
2026-01-02T23:40:00,196.112
2026-01-02T23:41:00,204.567
2026-01-02T23:42:00,198.951
2026-01-02T23:43:00,214.370
2026-01-02T23:44:00,197.834
2026-01-02T23:45:00,197.194
2026-01-02T23:46:00,204.308
2026-01-02T23:47:00,208.428
2026-01-02T23:48:00,202.611
2026-01-02T23:49:00,204.682
2026-01-02T23:50:00,195.059
2026-01-02T23:51:00,199.761
2026-01-02T23:52:00,198.214
2026-01-02T23:53:00,194.964
2026-01-02T23:54:00,203.047
2026-01-02T23:55:00,193.641
2026-01-02T23:56:00,197.356
2026-01-02T23:57:00,200.527
2026-01-02T23:58:00,199.380
2026-01-02T23:59:00,204.319
2026-01-03T00:00:00,203.982
2026-01-03T00:01:00,206.361
2026-01-03T00:02:00,205.819
2026-01-03T00:03:00,207.396
2026-01-03T00:04:00,202.846
2026-01-03T00:05:00,204.087
2026-01-03T00:06:00,204.938
2026-01-03T00:07:00,203.476
2026-01-03T00:08:00,201.336
2026-01-03T00:09:00,201.609
2026-01-03T00:10:00,199.681
2026-01-03T00:11:00,895.076
2026-01-03T00:12:00,202.596
2026-01-03T00:13:00,200.328
2026-01-03T00:14:00,200.338
2026-01-03T00:15:00,198.151
2026-01-03T00:16:00,206.912
2026-01-03T00:17:00,203.314
2026-01-03T00:18:00,199.549
2026-01-03T00:19:00,206.234
2026-01-03T00:20:00,200.756
2026-01-03T00:21:00,197.368
2026-01-03T00:22:00,207.074
2026-01-03T00:23:00,200.834
2026-01-03T00:24:00,201.339
2026-01-03T00:25:00,203.130
2026-01-03T00:26:00,207.524
2026-01-03T00:27:00,203.022
2026-01-03T00:28:00,198.132
2026-01-03T00:29:00,205.088
2026-01-03T00:30:00,200.956
2026-01-03T00:31:00,210.430
2026-01-03T00:32:00,202.854
2026-01-03T00:33:00,193.897
2026-01-03T00:34:00,204.245
2026-01-03T00:35:00,210.570
2026-01-03T00:36:00,209.070
2026-01-03T00:37:00,210.064
2026-01-03T00:38:00,198.633
2026-01-03T00:39:00,206.331
2026-01-03T00:40:00,199.764
2026-01-03T00:41:00,203.518
2026-01-03T00:42:00,197.496
2026-01-03T00:43:00,199.975
2026-01-03T00:44:00,199.812
2026-01-03T00:45:00,206.075
2026-01-03T00:46:00,205.645
2026-01-03T00:47:00,203.510
2026-01-03T00:48:00,196.961
2026-01-03T00:49:00,201.074
2026-01-03T00:50:00,199.294
2026-01-03T00:51:00,205.713
2026-01-03T00:52:00,206.902
2026-01-03T00:53:00,206.369
2026-01-03T00:54:00,199.075
2026-01-03T00:55:00,191.089
2026-01-03T00:56:00,194.931
2026-01-03T00:57:00,207.635
2026-01-03T00:58:00,200.292
2026-01-03T00:59:00,198.842
2026-01-03T01:00:00,208.362
2026-01-03T01:01:00,966.821
2026-01-03T01:02:00,201.781
2026-01-03T01:03:00,200.454
2026-01-03T01:04:00,201.043
2026-01-03T01:05:00,202.423
2026-01-03T01:06:00,207.856
2026-01-03T01:07:00,203.087
2026-01-03T01:08:00,204.242
2026-01-03T01:09:00,205.955
2026-01-03T01:10:00,196.539
2026-01-03T01:11:00,204.176
2026-01-03T01:12:00,199.916
2026-01-03T01:13:00,190.968
2026-01-03T01:14:00,192.457
2026-01-03T01:15:00,196.833
2026-01-03T01:16:00,202.967
2026-01-03T01:17:00,201.233
2026-01-03T01:18:00,201.451
2026-01-03T01:19:00,208.452
2026-01-03T01:20:00,195.507
2026-01-03T01:21:00,200.408
2026-01-03T01:22:00,201.670
2026-01-03T01:23:00,197.441
2026-01-03T01:24:00,200.433
2026-01-03T01:25:00,193.854
2026-01-03T01:26:00,205.827
2026-01-03T01:27:00,197.394
2026-01-03T01:28:00,208.179
2026-01-03T01:29:00,199.857
2026-01-03T01:30:00,204.033
2026-01-03T01:31:00,199.641
2026-01-03T01:32:00,199.664
2026-01-03T01:33:00,197.385
2026-01-03T01:34:00,200.131
2026-01-03T01:35:00,200.860
2026-01-03T01:36:00,196.385
2026-01-03T01:37:00,198.957
2026-01-03T01:38:00,196.951
2026-01-03T01:39:00,208.525
2026-01-03T01:40:00,198.902
2026-01-03T01:41:00,205.378
2026-01-03T01:42:00,198.350
2026-01-03T01:43:00,200.106
2026-01-03T01:44:00,193.721
2026-01-03T01:45:00,197.155
2026-01-03T01:46:00,199.724
2026-01-03T01:47:00,205.164
2026-01-03T01:48:00,992.651
2026-01-03T01:49:00,204.233
2026-01-03T01:50:00,201.202
2026-01-03T01:51:00,205.089
2026-01-03T01:52:00,198.285
2026-01-03T01:53:00,208.024
2026-01-03T01:54:00,196.465
2026-01-03T01:55:00,195.285
2026-01-03T01:56:00,193.455
2026-01-03T01:57:00,207.565
2026-01-03T01:58:00,201.465
2026-01-03T01:59:00,196.798
2026-01-03T02:00:00,203.079
2026-01-03T02:01:00,200.783
2026-01-03T02:02:00,205.847
2026-01-03T02:03:00,191.742
2026-01-03T02:04:00,196.824
2026-01-03T02:05:00,195.989
2026-01-03T02:06:00,189.898
2026-01-03T02:07:00,201.990
2026-01-03T02:08:00,196.623
2026-01-03T02:09:00,200.621
2026-01-03T02:10:00,207.061
2026-01-03T02:11:00,196.168
2026-01-03T02:12:00,195.858
2026-01-03T02:13:00,197.980
2026-01-03T02:14:00,201.418
2026-01-03T02:15:00,195.167
2026-01-03T02:16:00,194.876
2026-01-03T02:17:00,201.596
2026-01-03T02:18:00,198.850
2026-01-03T02:19:00,189.127
2026-01-03T02:20:00,192.375
2026-01-03T02:21:00,203.255
2026-01-03T02:22:00,198.831
2026-01-03T02:23:00,194.150
2026-01-03T02:24:00,196.494
2026-01-03T02:25:00,197.207
2026-01-03T02:26:00,200.077
2026-01-03T02:27:00,191.682
2026-01-03T02:28:00,193.733
2026-01-03T02:29:00,198.173
2026-01-03T02:30:00,196.667
2026-01-03T02:31:00,199.341
2026-01-03T02:32:00,192.123
2026-01-03T02:33:00,198.460
2026-01-03T02:34:00,201.389
2026-01-03T02:35:00,198.962
2026-01-03T02:36:00,197.565
2026-01-03T02:37:00,196.621
2026-01-03T02:38:00,193.662
2026-01-03T02:39:00,196.712
2026-01-03T02:40:00,202.039
2026-01-03T02:41:00,196.526
2026-01-03T02:42:00,193.445
2026-01-03T02:43:00,195.040
2026-01-03T02:44:00,197.818
2026-01-03T02:45:00,195.528
2026-01-03T02:46:00,753.279
2026-01-03T02:47:00,199.133
2026-01-03T02:48:00,200.609
2026-01-03T02:49:00,202.761
2026-01-03T02:50:00,201.065
2026-01-03T02:51:00,193.361
2026-01-03T02:52:00,193.501
2026-01-03T02:53:00,196.831
2026-01-03T02:54:00,195.350
2026-01-03T02:55:00,192.623
2026-01-03T02:56:00,195.433
2026-01-03T02:57:00,195.326
2026-01-03T02:58:00,194.563
2026-01-03T02:59:00,196.014
2026-01-03T03:00:00,202.020
2026-01-03T03:01:00,198.133
2026-01-03T03:02:00,207.255
2026-01-03T03:03:00,198.082
2026-01-03T03:04:00,196.274
2026-01-03T03:05:00,197.486
2026-01-03T03:06:00,198.532
2026-01-03T03:07:00,199.284
2026-01-03T03:08:00,205.889
2026-01-03T03:09:00,194.241
2026-01-03T03:10:00,201.100
2026-01-03T03:11:00,198.537
2026-01-03T03:12:00,191.465
2026-01-03T03:13:00,200.877
2026-01-03T03:14:00,202.910
2026-01-03T03:15:00,194.458
2026-01-03T03:16:00,197.899
2026-01-03T03:17:00,191.082
2026-01-03T03:18:00,192.998
2026-01-03T03:19:00,202.276
2026-01-03T03:20:00,196.270
2026-01-03T03:21:00,193.753
2026-01-03T03:22:00,199.160
2026-01-03T03:23:00,196.207
2026-01-03T03:24:00,196.468
2026-01-03T03:25:00,201.365
2026-01-03T03:26:00,193.818
2026-01-03T03:27:00,194.901
2026-01-03T03:28:00,199.197
2026-01-03T03:29:00,202.517
2026-01-03T03:30:00,203.652
2026-01-03T03:31:00,196.100
2026-01-03T03:32:00,202.570
2026-01-03T03:33:00,195.746
2026-01-03T03:34:00,206.249
2026-01-03T03:35:00,194.472
2026-01-03T03:36:00,204.384
2026-01-03T03:37:00,196.508
2026-01-03T03:38:00,207.251
2026-01-03T03:39:00,201.628
2026-01-03T03:40:00,195.263
2026-01-03T03:41:00,197.303
2026-01-03T03:42:00,202.583
2026-01-03T03:43:00,203.734
2026-01-03T03:44:00,199.307
2026-01-03T03:45:00,199.834
2026-01-03T03:46:00,202.755
2026-01-03T03:47:00,200.316
2026-01-03T03:48:00,194.681
2026-01-03T03:49:00,196.670
2026-01-03T03:50:00,200.929
2026-01-03T03:51:00,204.917
2026-01-03T03:52:00,206.585
2026-01-03T03:53:00,203.306
2026-01-03T03:54:00,201.404
2026-01-03T03:55:00,203.316
2026-01-03T03:56:00,197.720
2026-01-03T03:57:00,199.840
2026-01-03T03:58:00,197.222
2026-01-03T03:59:00,195.589
2026-01-03T04:00:00,201.984
2026-01-03T04:01:00,201.457
2026-01-03T04:02:00,203.530
2026-01-03T04:03:00,203.028
2026-01-03T04:04:00,201.878
2026-01-03T04:05:00,203.197
2026-01-03T04:06:00,200.863
2026-01-03T04:07:00,202.747
2026-01-03T04:08:00,198.253
2026-01-03T04:09:00,202.697
2026-01-03T04:10:00,203.953
2026-01-03T04:11:00,198.660
2026-01-03T04:12:00,201.606
2026-01-03T04:13:00,198.963
2026-01-03T04:14:00,199.409
2026-01-03T04:15:00,197.073
2026-01-03T04:16:00,206.692
2026-01-03T04:17:00,205.947
2026-01-03T04:18:00,203.889
2026-01-03T04:19:00,209.682
2026-01-03T04:20:00,201.089
2026-01-03T04:21:00,214.025
2026-01-03T04:22:00,201.039
2026-01-03T04:23:00,203.020
2026-01-03T04:24:00,200.457
2026-01-03T04:25:00,203.586
2026-01-03T04:26:00,1047.431
2026-01-03T04:27:00,201.734
2026-01-03T04:28:00,209.342
2026-01-03T04:29:00,203.235
2026-01-03T04:30:00,203.404
2026-01-03T04:31:00,198.727
2026-01-03T04:32:00,204.078
2026-01-03T04:33:00,201.907
2026-01-03T04:34:00,200.048
2026-01-03T04:35:00,199.412
2026-01-03T04:36:00,213.241
2026-01-03T04:37:00,201.534
2026-01-03T04:38:00,196.793
2026-01-03T04:39:00,199.860
2026-01-03T04:40:00,202.477
2026-01-03T04:41:00,204.899
2026-01-03T04:42:00,204.959
2026-01-03T04:43:00,205.473
2026-01-03T04:44:00,200.212
2026-01-03T04:45:00,204.177
2026-01-03T04:46:00,199.334
2026-01-03T04:47:00,200.380
2026-01-03T04:48:00,199.207
2026-01-03T04:49:00,198.143
2026-01-03T04:50:00,207.170
2026-01-03T04:51:00,205.683
2026-01-03T04:52:00,206.849
2026-01-03T04:53:00,203.112
2026-01-03T04:54:00,206.072
2026-01-03T04:55:00,195.929
2026-01-03T04:56:00,206.435
2026-01-03T04:57:00,203.697
2026-01-03T04:58:00,205.502
2026-01-03T04:59:00,204.518
2026-01-03T05:00:00,199.051
2026-01-03T05:01:00,197.008
2026-01-03T05:02:00,200.151
2026-01-03T05:03:00,205.256
2026-01-03T05:04:00,205.753
2026-01-03T05:05:00,197.516
2026-01-03T05:06:00,199.056
2026-01-03T05:07:00,200.079
2026-01-03T05:08:00,201.533
2026-01-03T05:09:00,197.503
2026-01-03T05:10:00,197.250
2026-01-03T05:11:00,199.637
2026-01-03T05:12:00,203.254
2026-01-03T05:13:00,198.169
2026-01-03T05:14:00,202.410
2026-01-03T05:15:00,207.087
2026-01-03T05:16:00,197.625
2026-01-03T05:17:00,201.983
2026-01-03T05:18:00,206.884
2026-01-03T05:19:00,201.087
2026-01-03T05:20:00,1035.761
2026-01-03T05:21:00,207.359
2026-01-03T05:22:00,201.450
2026-01-03T05:23:00,207.062
2026-01-03T05:24:00,204.328
2026-01-03T05:25:00,201.207
2026-01-03T05:26:00,204.463
2026-01-03T05:27:00,203.790
2026-01-03T05:28:00,206.554
2026-01-03T05:29:00,200.239
2026-01-03T05:30:00,202.558
2026-01-03T05:31:00,202.106
2026-01-03T05:32:00,205.127
2026-01-03T05:33:00,198.166
2026-01-03T05:34:00,206.291
2026-01-03T05:35:00,204.043
2026-01-03T05:36:00,196.863
2026-01-03T05:37:00,206.917
2026-01-03T05:38:00,210.971
2026-01-03T05:39:00,205.993
2026-01-03T05:40:00,207.643
2026-01-03T05:41:00,202.225
2026-01-03T05:42:00,195.185
2026-01-03T05:43:00,194.402
2026-01-03T05:44:00,202.744
2026-01-03T05:45:00,199.301
2026-01-03T05:46:00,197.955
2026-01-03T05:47:00,201.306
2026-01-03T05:48:00,203.962
2026-01-03T05:49:00,195.630
2026-01-03T05:50:00,199.587
2026-01-03T05:51:00,207.362
2026-01-03T05:52:00,196.961
2026-01-03T05:53:00,204.681
2026-01-03T05:54:00,199.202
2026-01-03T05:55:00,203.262
2026-01-03T05:56:00,205.405
2026-01-03T05:57:00,203.918
2026-01-03T05:58:00,204.526
2026-01-03T05:59:00,196.219
2026-01-03T06:00:00,205.216
2026-01-03T06:01:00,197.286
2026-01-03T06:02:00,201.670
2026-01-03T06:03:00,201.599
2026-01-03T06:04:00,202.441
2026-01-03T06:05:00,201.783
2026-01-03T06:06:00,196.994
2026-01-03T06:07:00,194.903
2026-01-03T06:08:00,203.726
2026-01-03T06:09:00,200.913
2026-01-03T06:10:00,204.701
2026-01-03T06:11:00,199.858
2026-01-03T06:12:00,194.349
2026-01-03T06:13:00,203.768
2026-01-03T06:14:00,198.355
2026-01-03T06:15:00,201.138
2026-01-03T06:16:00,197.114
2026-01-03T06:17:00,206.215
2026-01-03T06:18:00,196.065
2026-01-03T06:19:00,198.156
2026-01-03T06:20:00,199.870
2026-01-03T06:21:00,195.006
2026-01-03T06:22:00,200.632
2026-01-03T06:23:00,205.692
2026-01-03T06:24:00,197.219
2026-01-03T06:25:00,200.697
2026-01-03T06:26:00,188.055
2026-01-03T06:27:00,198.834
2026-01-03T06:28:00,197.675
2026-01-03T06:29:00,195.592
2026-01-03T06:30:00,203.130
2026-01-03T06:31:00,197.438
2026-01-03T06:32:00,197.973
2026-01-03T06:33:00,197.115
2026-01-03T06:34:00,190.897
2026-01-03T06:35:00,193.978
2026-01-03T06:36:00,202.293
2026-01-03T06:37:00,189.952
2026-01-03T06:38:00,195.271
2026-01-03T06:39:00,196.682
2026-01-03T06:40:00,205.202
2026-01-03T06:41:00,201.248
2026-01-03T06:42:00,195.893
2026-01-03T06:43:00,203.288
2026-01-03T06:44:00,195.057
2026-01-03T06:45:00,202.006
2026-01-03T06:46:00,192.486
2026-01-03T06:47:00,202.167
2026-01-03T06:48:00,196.203
2026-01-03T06:49:00,193.668
2026-01-03T06:50:00,196.869
2026-01-03T06:51:00,198.803
2026-01-03T06:52:00,195.673
2026-01-03T06:53:00,199.827
2026-01-03T06:54:00,195.239
2026-01-03T06:55:00,200.014
2026-01-03T06:56:00,199.264
2026-01-03T06:57:00,197.216
2026-01-03T06:58:00,195.659
2026-01-03T06:59:00,197.997
2026-01-03T07:00:00,199.560
2026-01-03T07:01:00,205.575
2026-01-03T07:02:00,201.056
2026-01-03T07:03:00,201.174
2026-01-03T07:04:00,209.597
2026-01-03T07:05:00,199.281
2026-01-03T07:06:00,199.132
2026-01-03T07:07:00,199.986
2026-01-03T07:08:00,193.113
2026-01-03T07:09:00,195.353
2026-01-03T07:10:00,195.086
2026-01-03T07:11:00,199.683
2026-01-03T07:12:00,196.381
2026-01-03T07:13:00,197.616
2026-01-03T07:14:00,201.400
2026-01-03T07:15:00,200.491
2026-01-03T07:16:00,196.382
2026-01-03T07:17:00,194.340
2026-01-03T07:18:00,201.554
2026-01-03T07:19:00,200.103
2026-01-03T07:20:00,190.579
2026-01-03T07:21:00,195.749
2026-01-03T07:22:00,197.662
2026-01-03T07:23:00,200.116
2026-01-03T07:24:00,200.643
2026-01-03T07:25:00,198.141
2026-01-03T07:26:00,199.351
2026-01-03T07:27:00,197.273
2026-01-03T07:28:00,194.329
2026-01-03T07:29:00,195.989
2026-01-03T07:30:00,197.121
2026-01-03T07:31:00,196.918
2026-01-03T07:32:00,189.528
2026-01-03T07:33:00,195.496
2026-01-03T07:34:00,197.327
2026-01-03T07:35:00,195.994
2026-01-03T07:36:00,196.152
2026-01-03T07:37:00,199.112
2026-01-03T07:38:00,192.866
2026-01-03T07:39:00,190.694
2026-01-03T07:40:00,195.838
2026-01-03T07:41:00,200.314
2026-01-03T07:42:00,204.035
2026-01-03T07:43:00,200.442
2026-01-03T07:44:00,191.471
2026-01-03T07:45:00,196.446
2026-01-03T07:46:00,198.435
2026-01-03T07:47:00,198.153
2026-01-03T07:48:00,199.636
2026-01-03T07:49:00,193.847
2026-01-03T07:50:00,197.813
2026-01-03T07:51:00,199.274
2026-01-03T07:52:00,200.935
2026-01-03T07:53:00,194.451
2026-01-03T07:54:00,196.336
2026-01-03T07:55:00,186.945
2026-01-03T07:56:00,195.320
2026-01-03T07:57:00,195.754
2026-01-03T07:58:00,193.820
2026-01-03T07:59:00,198.609
2026-01-03T08:00:00,197.772
2026-01-03T08:01:00,804.568
2026-01-03T08:02:00,198.959
2026-01-03T08:03:00,194.436
2026-01-03T08:04:00,200.145
2026-01-03T08:05:00,193.128
2026-01-03T08:06:00,198.430
2026-01-03T08:07:00,197.233
2026-01-03T08:08:00,199.635
2026-01-03T08:09:00,198.978
2026-01-03T08:10:00,197.517
2026-01-03T08:11:00,192.451
2026-01-03T08:12:00,192.746
2026-01-03T08:13:00,196.379
2026-01-03T08:14:00,198.742
2026-01-03T08:15:00,196.404
2026-01-03T08:16:00,201.399
2026-01-03T08:17:00,197.844
2026-01-03T08:18:00,195.163
2026-01-03T08:19:00,197.974
2026-01-03T08:20:00,200.054
2026-01-03T08:21:00,200.514
2026-01-03T08:22:00,206.793
2026-01-03T08:23:00,196.668
2026-01-03T08:24:00,199.115
2026-01-03T08:25:00,201.179
2026-01-03T08:26:00,199.447
2026-01-03T08:27:00,197.604
2026-01-03T08:28:00,193.476
2026-01-03T08:29:00,197.696
2026-01-03T08:30:00,195.511
2026-01-03T08:31:00,192.966
2026-01-03T08:32:00,196.756
2026-01-03T08:33:00,195.817
2026-01-03T08:34:00,202.407
2026-01-03T08:35:00,202.543
2026-01-03T08:36:00,196.590
2026-01-03T08:37:00,199.231
2026-01-03T08:38:00,192.905
2026-01-03T08:39:00,198.427
2026-01-03T08:40:00,202.066
2026-01-03T08:41:00,203.836
2026-01-03T08:42:00,197.749
2026-01-03T08:43:00,204.874
2026-01-03T08:44:00,194.668
2026-01-03T08:45:00,195.805
2026-01-03T08:46:00,203.698
2026-01-03T08:47:00,207.608
2026-01-03T08:48:00,202.960
2026-01-03T08:49:00,200.888
2026-01-03T08:50:00,192.331
2026-01-03T08:51:00,193.083
2026-01-03T08:52:00,201.752
2026-01-03T08:53:00,199.862
2026-01-03T08:54:00,196.931
2026-01-03T08:55:00,201.676
2026-01-03T08:56:00,201.933
2026-01-03T08:57:00,205.307
2026-01-03T08:58:00,202.133
2026-01-03T08:59:00,206.557
2026-01-03T09:00:00,201.730
2026-01-03T09:01:00,201.292
2026-01-03T09:02:00,206.064
2026-01-03T09:03:00,197.946
2026-01-03T09:04:00,213.169
2026-01-03T09:05:00,203.463
2026-01-03T09:06:00,203.535
2026-01-03T09:07:00,204.161
2026-01-03T09:08:00,209.617
2026-01-03T09:09:00,205.326
2026-01-03T09:10:00,195.781
2026-01-03T09:11:00,207.860
2026-01-03T09:12:00,200.926
2026-01-03T09:13:00,202.761
2026-01-03T09:14:00,197.257
2026-01-03T09:15:00,204.519
2026-01-03T09:16:00,1080.556
2026-01-03T09:17:00,202.891
2026-01-03T09:18:00,201.391
2026-01-03T09:19:00,210.263
2026-01-03T09:20:00,210.526
2026-01-03T09:21:00,202.815
2026-01-03T09:22:00,202.917
2026-01-03T09:23:00,201.197
2026-01-03T09:24:00,207.144
2026-01-03T09:25:00,201.432
2026-01-03T09:26:00,201.088
2026-01-03T09:27:00,206.712
2026-01-03T09:28:00,200.668
2026-01-03T09:29:00,202.692
2026-01-03T09:30:00,196.539
2026-01-03T09:31:00,205.700
2026-01-03T09:32:00,210.664
2026-01-03T09:33:00,205.802
2026-01-03T09:34:00,208.779
2026-01-03T09:35:00,199.561
2026-01-03T09:36:00,203.903
2026-01-03T09:37:00,199.195
2026-01-03T09:38:00,202.066
2026-01-03T09:39:00,206.073
2026-01-03T09:40:00,203.398
2026-01-03T09:41:00,197.344
2026-01-03T09:42:00,197.738
2026-01-03T09:43:00,197.475
2026-01-03T09:44:00,204.966
2026-01-03T09:45:00,211.254
2026-01-03T09:46:00,208.446
2026-01-03T09:47:00,195.408
2026-01-03T09:48:00,208.670
2026-01-03T09:49:00,206.724
2026-01-03T09:50:00,196.789
2026-01-03T09:51:00,201.747
2026-01-03T09:52:00,207.330
2026-01-03T09:53:00,205.137
2026-01-03T09:54:00,197.684
2026-01-03T09:55:00,205.347
2026-01-03T09:56:00,194.337
2026-01-03T09:57:00,201.977
2026-01-03T09:58:00,207.400
2026-01-03T09:59:00,202.900
2026-01-03T10:00:00,200.807
2026-01-03T10:01:00,206.336
2026-01-03T10:02:00,206.652
2026-01-03T10:03:00,207.966
2026-01-03T10:04:00,206.195
2026-01-03T10:05:00,206.993
2026-01-03T10:06:00,205.568
2026-01-03T10:07:00,203.666
2026-01-03T10:08:00,202.928
2026-01-03T10:09:00,201.586
2026-01-03T10:10:00,197.649
2026-01-03T10:11:00,198.640
2026-01-03T10:12:00,201.294
2026-01-03T10:13:00,203.348
2026-01-03T10:14:00,208.105
2026-01-03T10:15:00,202.132
2026-01-03T10:16:00,206.270
2026-01-03T10:17:00,206.528
2026-01-03T10:18:00,201.240
2026-01-03T10:19:00,204.498
2026-01-03T10:20:00,201.097
2026-01-03T10:21:00,207.311
2026-01-03T10:22:00,204.516
2026-01-03T10:23:00,197.160
2026-01-03T10:24:00,202.516
2026-01-03T10:25:00,208.410
2026-01-03T10:26:00,1054.277
2026-01-03T10:27:00,203.501
2026-01-03T10:28:00,203.838
2026-01-03T10:29:00,197.452
2026-01-03T10:30:00,203.585
2026-01-03T10:31:00,195.909
2026-01-03T10:32:00,198.924
2026-01-03T10:33:00,205.670
2026-01-03T10:34:00,202.734
2026-01-03T10:35:00,200.029
2026-01-03T10:36:00,202.972
2026-01-03T10:37:00,200.884
2026-01-03T10:38:00,201.113
2026-01-03T10:39:00,203.627
2026-01-03T10:40:00,198.027
2026-01-03T10:41:00,201.035
2026-01-03T10:42:00,199.560
2026-01-03T10:43:00,194.402
2026-01-03T10:44:00,196.998
2026-01-03T10:45:00,206.888
2026-01-03T10:46:00,202.089
2026-01-03T10:47:00,195.190
2026-01-03T10:48:00,194.257
2026-01-03T10:49:00,199.903
2026-01-03T10:50:00,206.530
2026-01-03T10:51:00,199.472
2026-01-03T10:52:00,205.381
2026-01-03T10:53:00,201.494
2026-01-03T10:54:00,201.904
2026-01-03T10:55:00,194.610
2026-01-03T10:56:00,203.636
2026-01-03T10:57:00,198.480
2026-01-03T10:58:00,203.205
2026-01-03T10:59:00,196.430
2026-01-03T11:00:00,200.329
2026-01-03T11:01:00,200.962
2026-01-03T11:02:00,198.872
2026-01-03T11:03:00,201.041
2026-01-03T11:04:00,198.292
2026-01-03T11:05:00,196.697
2026-01-03T11:06:00,205.650
2026-01-03T11:07:00,203.360
2026-01-03T11:08:00,196.057
2026-01-03T11:09:00,201.311
2026-01-03T11:10:00,196.003
2026-01-03T11:11:00,194.173
2026-01-03T11:12:00,202.985
2026-01-03T11:13:00,191.972
2026-01-03T11:14:00,202.435
2026-01-03T11:15:00,197.657
2026-01-03T11:16:00,197.762
2026-01-03T11:17:00,200.189
2026-01-03T11:18:00,200.816
2026-01-03T11:19:00,195.129
2026-01-03T11:20:00,201.249
2026-01-03T11:21:00,198.776
2026-01-03T11:22:00,193.243
2026-01-03T11:23:00,197.534
2026-01-03T11:24:00,203.685
2026-01-03T11:25:00,204.814
2026-01-03T11:26:00,200.926
2026-01-03T11:27:00,193.245
2026-01-03T11:28:00,199.920
2026-01-03T11:29:00,201.312
2026-01-03T11:30:00,200.764
2026-01-03T11:31:00,200.955
2026-01-03T11:32:00,199.223
2026-01-03T11:33:00,197.436
2026-01-03T11:34:00,195.250
2026-01-03T11:35:00,190.050
2026-01-03T11:36:00,198.959
2026-01-03T11:37:00,1063.152
2026-01-03T11:38:00,199.753
2026-01-03T11:39:00,192.136
2026-01-03T11:40:00,200.030
2026-01-03T11:41:00,205.634
2026-01-03T11:42:00,197.696
2026-01-03T11:43:00,197.104
2026-01-03T11:44:00,198.556
2026-01-03T11:45:00,205.420
2026-01-03T11:46:00,193.168
2026-01-03T11:47:00,198.049
2026-01-03T11:48:00,194.012
2026-01-03T11:49:00,194.999
2026-01-03T11:50:00,196.966
2026-01-03T11:51:00,202.533
2026-01-03T11:52:00,204.328
2026-01-03T11:53:00,198.898
2026-01-03T11:54:00,195.582
2026-01-03T11:55:00,207.044
2026-01-03T11:56:00,195.349
2026-01-03T11:57:00,194.762
2026-01-03T11:58:00,189.936
2026-01-03T11:59:00,202.611
2026-01-03T12:00:00,200.891
2026-01-03T12:01:00,206.683
2026-01-03T12:02:00,191.448
2026-01-03T12:03:00,202.836
2026-01-03T12:04:00,197.281
2026-01-03T12:05:00,200.224
2026-01-03T12:06:00,190.410
2026-01-03T12:07:00,202.875
2026-01-03T12:08:00,200.153
2026-01-03T12:09:00,196.856
2026-01-03T12:10:00,199.599
2026-01-03T12:11:00,193.965
2026-01-03T12:12:00,194.719
2026-01-03T12:13:00,195.194
2026-01-03T12:14:00,189.649
2026-01-03T12:15:00,200.521
2026-01-03T12:16:00,201.856
2026-01-03T12:17:00,194.301
2026-01-03T12:18:00,198.518
2026-01-03T12:19:00,196.082
2026-01-03T12:20:00,198.479
2026-01-03T12:21:00,194.678
2026-01-03T12:22:00,193.678
2026-01-03T12:23:00,201.446
2026-01-03T12:24:00,197.009
2026-01-03T12:25:00,205.381
2026-01-03T12:26:00,197.507
2026-01-03T12:27:00,193.648
2026-01-03T12:28:00,202.292
2026-01-03T12:29:00,199.941
2026-01-03T12:30:00,200.359
2026-01-03T12:31:00,202.250
2026-01-03T12:32:00,194.914
2026-01-03T12:33:00,197.054
2026-01-03T12:34:00,196.917
2026-01-03T12:35:00,192.480
2026-01-03T12:36:00,196.631
2026-01-03T12:37:00,203.074
2026-01-03T12:38:00,198.722
2026-01-03T12:39:00,192.433
2026-01-03T12:40:00,191.640
2026-01-03T12:41:00,204.570
2026-01-03T12:42:00,197.598
2026-01-03T12:43:00,195.419
2026-01-03T12:44:00,196.963
2026-01-03T12:45:00,192.201
2026-01-03T12:46:00,203.855
2026-01-03T12:47:00,196.644
2026-01-03T12:48:00,203.739
2026-01-03T12:49:00,198.531
2026-01-03T12:50:00,204.098
2026-01-03T12:51:00,199.464
2026-01-03T12:52:00,201.907
2026-01-03T12:53:00,201.429
2026-01-03T12:54:00,201.104
2026-01-03T12:55:00,200.062
2026-01-03T12:56:00,197.799
2026-01-03T12:57:00,206.453
2026-01-03T12:58:00,195.225
2026-01-03T12:59:00,198.932
2026-01-03T13:00:00,199.036
2026-01-03T13:01:00,200.649
2026-01-03T13:02:00,197.385
2026-01-03T13:03:00,200.426
2026-01-03T13:04:00,198.556
2026-01-03T13:05:00,192.968
2026-01-03T13:06:00,199.399
2026-01-03T13:07:00,195.024
2026-01-03T13:08:00,192.554
2026-01-03T13:09:00,200.105
2026-01-03T13:10:00,201.575
2026-01-03T13:11:00,201.796
2026-01-03T13:12:00,202.025
2026-01-03T13:13:00,192.092
2026-01-03T13:14:00,194.445
2026-01-03T13:15:00,207.850
2026-01-03T13:16:00,195.834
2026-01-03T13:17:00,202.532
2026-01-03T13:18:00,197.408
2026-01-03T13:19:00,200.541
2026-01-03T13:20:00,197.756
2026-01-03T13:21:00,202.601
2026-01-03T13:22:00,200.968
2026-01-03T13:23:00,198.694
2026-01-03T13:24:00,196.352
2026-01-03T13:25:00,201.689
2026-01-03T13:26:00,898.593
2026-01-03T13:27:00,202.458
2026-01-03T13:28:00,211.318
2026-01-03T13:29:00,206.277
2026-01-03T13:30:00,203.813
2026-01-03T13:31:00,200.660
2026-01-03T13:32:00,193.310
2026-01-03T13:33:00,195.838
2026-01-03T13:34:00,206.320
2026-01-03T13:35:00,198.091
2026-01-03T13:36:00,198.513
2026-01-03T13:37:00,200.707
2026-01-03T13:38:00,197.181
2026-01-03T13:39:00,196.580
2026-01-03T13:40:00,201.343
2026-01-03T13:41:00,198.035
2026-01-03T13:42:00,198.693
2026-01-03T13:43:00,198.588
2026-01-03T13:44:00,203.856
2026-01-03T13:45:00,200.892
2026-01-03T13:46:00,201.158
2026-01-03T13:47:00,204.312
2026-01-03T13:48:00,201.407
2026-01-03T13:49:00,200.912
2026-01-03T13:50:00,203.955
2026-01-03T13:51:00,204.794
2026-01-03T13:52:00,201.579
2026-01-03T13:53:00,202.536
2026-01-03T13:54:00,199.130
2026-01-03T13:55:00,198.858
2026-01-03T13:56:00,205.420
2026-01-03T13:57:00,204.164
2026-01-03T13:58:00,204.245
2026-01-03T13:59:00,203.586
2026-01-03T14:00:00,202.685
2026-01-03T14:01:00,205.322
2026-01-03T14:02:00,206.312
2026-01-03T14:03:00,206.250
2026-01-03T14:04:00,202.234
2026-01-03T14:05:00,208.217
2026-01-03T14:06:00,203.612
2026-01-03T14:07:00,205.256
2026-01-03T14:08:00,203.882
2026-01-03T14:09:00,203.768
2026-01-03T14:10:00,199.861
2026-01-03T14:11:00,205.633
2026-01-03T14:12:00,214.230
2026-01-03T14:13:00,201.370
2026-01-03T14:14:00,203.172
2026-01-03T14:15:00,201.120
2026-01-03T14:16:00,200.969
2026-01-03T14:17:00,209.113
2026-01-03T14:18:00,200.257
2026-01-03T14:19:00,201.064
2026-01-03T14:20:00,196.620
2026-01-03T14:21:00,199.948
2026-01-03T14:22:00,196.152
2026-01-03T14:23:00,205.519
2026-01-03T14:24:00,214.195
2026-01-03T14:25:00,201.532
2026-01-03T14:26:00,196.333
2026-01-03T14:27:00,206.600
2026-01-03T14:28:00,200.090
2026-01-03T14:29:00,208.192
2026-01-03T14:30:00,201.862
2026-01-03T14:31:00,200.457
2026-01-03T14:32:00,202.265
2026-01-03T14:33:00,205.998
2026-01-03T14:34:00,202.047
2026-01-03T14:35:00,200.958
2026-01-03T14:36:00,202.136
2026-01-03T14:37:00,197.829
2026-01-03T14:38:00,204.488
2026-01-03T14:39:00,195.735
2026-01-03T14:40:00,201.087
2026-01-03T14:41:00,205.880
2026-01-03T14:42:00,204.033
2026-01-03T14:43:00,205.158
2026-01-03T14:44:00,202.512
2026-01-03T14:45:00,207.425
2026-01-03T14:46:00,206.417
2026-01-03T14:47:00,204.474
2026-01-03T14:48:00,206.370
2026-01-03T14:49:00,205.630
2026-01-03T14:50:00,200.837
2026-01-03T14:51:00,197.185
2026-01-03T14:52:00,204.207
2026-01-03T14:53:00,204.673
2026-01-03T14:54:00,206.813
2026-01-03T14:55:00,198.667
2026-01-03T14:56:00,198.746
2026-01-03T14:57:00,204.170
2026-01-03T14:58:00,202.003
2026-01-03T14:59:00,194.701
2026-01-03T15:00:00,203.700
2026-01-03T15:01:00,194.744
2026-01-03T15:02:00,198.326
2026-01-03T15:03:00,207.466
2026-01-03T15:04:00,209.309
2026-01-03T15:05:00,197.097
2026-01-03T15:06:00,200.591
2026-01-03T15:07:00,202.027
2026-01-03T15:08:00,208.929
2026-01-03T15:09:00,199.779
2026-01-03T15:10:00,199.788
2026-01-03T15:11:00,207.835
2026-01-03T15:12:00,200.085
2026-01-03T15:13:00,204.416
2026-01-03T15:14:00,195.561
2026-01-03T15:15:00,200.726
2026-01-03T15:16:00,194.713
2026-01-03T15:17:00,197.070
2026-01-03T15:18:00,204.588
2026-01-03T15:19:00,200.971
2026-01-03T15:20:00,199.832
2026-01-03T15:21:00,198.052
2026-01-03T15:22:00,200.101
2026-01-03T15:23:00,202.125
2026-01-03T15:24:00,204.789
2026-01-03T15:25:00,190.292
2026-01-03T15:26:00,197.401
2026-01-03T15:27:00,201.300
2026-01-03T15:28:00,200.203
2026-01-03T15:29:00,202.146
2026-01-03T15:30:00,201.537
2026-01-03T15:31:00,199.182
2026-01-03T15:32:00,198.228
2026-01-03T15:33:00,199.287
2026-01-03T15:34:00,204.797
2026-01-03T15:35:00,197.208
2026-01-03T15:36:00,199.818
2026-01-03T15:37:00,200.736
2026-01-03T15:38:00,206.177
2026-01-03T15:39:00,198.668
2026-01-03T15:40:00,203.638
2026-01-03T15:41:00,204.664
2026-01-03T15:42:00,199.415
2026-01-03T15:43:00,198.761
2026-01-03T15:44:00,198.221
2026-01-03T15:45:00,198.448
2026-01-03T15:46:00,202.823
2026-01-03T15:47:00,200.265
2026-01-03T15:48:00,200.217
2026-01-03T15:49:00,194.711
2026-01-03T15:50:00,195.278
2026-01-03T15:51:00,207.658
2026-01-03T15:52:00,198.309
2026-01-03T15:53:00,195.859
2026-01-03T15:54:00,204.620
2026-01-03T15:55:00,199.961
2026-01-03T15:56:00,201.085
2026-01-03T15:57:00,198.160
2026-01-03T15:58:00,197.378
2026-01-03T15:59:00,197.915
2026-01-03T16:00:00,193.004
2026-01-03T16:01:00,198.125
2026-01-03T16:02:00,199.604
2026-01-03T16:03:00,205.765
2026-01-03T16:04:00,198.652
2026-01-03T16:05:00,188.917
2026-01-03T16:06:00,197.824
2026-01-03T16:07:00,209.105
2026-01-03T16:08:00,201.560
2026-01-03T16:09:00,194.800
2026-01-03T16:10:00,200.358
2026-01-03T16:11:00,194.977
2026-01-03T16:12:00,192.481
2026-01-03T16:13:00,196.456
2026-01-03T16:14:00,198.170
2026-01-03T16:15:00,190.270
2026-01-03T16:16:00,193.118
2026-01-03T16:17:00,197.714
2026-01-03T16:18:00,195.998
2026-01-03T16:19:00,199.170
2026-01-03T16:20:00,192.693
2026-01-03T16:21:00,200.370
2026-01-03T16:22:00,192.742
2026-01-03T16:23:00,204.012
2026-01-03T16:24:00,190.544
2026-01-03T16:25:00,193.004
2026-01-03T16:26:00,199.012
2026-01-03T16:27:00,203.969
2026-01-03T16:28:00,198.544
2026-01-03T16:29:00,199.507
2026-01-03T16:30:00,197.300
2026-01-03T16:31:00,193.099
2026-01-03T16:32:00,195.221
2026-01-03T16:33:00,192.311
2026-01-03T16:34:00,192.024
2026-01-03T16:35:00,198.726
2026-01-03T16:36:00,192.608
2026-01-03T16:37:00,198.363
2026-01-03T16:38:00,191.862
2026-01-03T16:39:00,198.242
2026-01-03T16:40:00,195.089
2026-01-03T16:41:00,202.660
2026-01-03T16:42:00,198.319
2026-01-03T16:43:00,201.960
2026-01-03T16:44:00,193.988
2026-01-03T16:45:00,197.230
2026-01-03T16:46:00,193.078
2026-01-03T16:47:00,985.326
2026-01-03T16:48:00,195.952
2026-01-03T16:49:00,194.098
2026-01-03T16:50:00,192.142
2026-01-03T16:51:00,191.354
2026-01-03T16:52:00,187.655
2026-01-03T16:53:00,192.795
2026-01-03T16:54:00,199.539
2026-01-03T16:55:00,190.645
2026-01-03T16:56:00,191.578
2026-01-03T16:57:00,204.227
2026-01-03T16:58:00,194.532
2026-01-03T16:59:00,198.378
2026-01-03T17:00:00,199.680
2026-01-03T17:01:00,199.780
2026-01-03T17:02:00,191.061
2026-01-03T17:03:00,196.247
2026-01-03T17:04:00,190.721
2026-01-03T17:05:00,207.004
2026-01-03T17:06:00,190.865
2026-01-03T17:07:00,193.080
2026-01-03T17:08:00,193.137
2026-01-03T17:09:00,191.343
2026-01-03T17:10:00,202.771
2026-01-03T17:11:00,207.082
2026-01-03T17:12:00,195.523
2026-01-03T17:13:00,192.179
2026-01-03T17:14:00,188.549
2026-01-03T17:15:00,196.558
2026-01-03T17:16:00,196.308
2026-01-03T17:17:00,195.008
2026-01-03T17:18:00,198.539
2026-01-03T17:19:00,199.277
2026-01-03T17:20:00,199.032
2026-01-03T17:21:00,196.519
2026-01-03T17:22:00,193.423
2026-01-03T17:23:00,200.539
2026-01-03T17:24:00,197.973
2026-01-03T17:25:00,201.525
2026-01-03T17:26:00,201.182
2026-01-03T17:27:00,192.385
2026-01-03T17:28:00,192.387
2026-01-03T17:29:00,195.154
2026-01-03T17:30:00,194.004
2026-01-03T17:31:00,201.305
2026-01-03T17:32:00,199.744
2026-01-03T17:33:00,202.792
2026-01-03T17:34:00,200.037
2026-01-03T17:35:00,199.344
2026-01-03T17:36:00,203.366
2026-01-03T17:37:00,200.505
2026-01-03T17:38:00,198.958
2026-01-03T17:39:00,204.668
2026-01-03T17:40:00,199.268
2026-01-03T17:41:00,197.651
2026-01-03T17:42:00,195.579
2026-01-03T17:43:00,201.805
2026-01-03T17:44:00,204.004
2026-01-03T17:45:00,198.917
2026-01-03T17:46:00,204.415
2026-01-03T17:47:00,191.368
2026-01-03T17:48:00,199.091
2026-01-03T17:49:00,199.217
2026-01-03T17:50:00,196.535
2026-01-03T17:51:00,209.044
2026-01-03T17:52:00,199.310
2026-01-03T17:53:00,1044.139
2026-01-03T17:54:00,199.811
2026-01-03T17:55:00,191.762
2026-01-03T17:56:00,196.800
2026-01-03T17:57:00,203.839
2026-01-03T17:58:00,197.457
2026-01-03T17:59:00,196.724
2026-01-03T18:00:00,205.344
2026-01-03T18:01:00,205.534
2026-01-03T18:02:00,202.307
2026-01-03T18:03:00,198.485
2026-01-03T18:04:00,199.414
2026-01-03T18:05:00,197.221
2026-01-03T18:06:00,196.525
2026-01-03T18:07:00,196.392
2026-01-03T18:08:00,198.162
2026-01-03T18:09:00,196.561
2026-01-03T18:10:00,194.510
2026-01-03T18:11:00,201.706
2026-01-03T18:12:00,201.831
2026-01-03T18:13:00,207.759
2026-01-03T18:14:00,198.346
2026-01-03T18:15:00,202.266
2026-01-03T18:16:00,202.394
2026-01-03T18:17:00,200.189
2026-01-03T18:18:00,204.243
2026-01-03T18:19:00,204.426
2026-01-03T18:20:00,202.695
2026-01-03T18:21:00,200.421
2026-01-03T18:22:00,200.072
2026-01-03T18:23:00,196.088
2026-01-03T18:24:00,198.392
2026-01-03T18:25:00,199.183
2026-01-03T18:26:00,197.231
2026-01-03T18:27:00,203.540
2026-01-03T18:28:00,206.620
2026-01-03T18:29:00,198.254
2026-01-03T18:30:00,203.071
2026-01-03T18:31:00,197.851
2026-01-03T18:32:00,200.818
2026-01-03T18:33:00,199.324
2026-01-03T18:34:00,204.541
2026-01-03T18:35:00,199.464
2026-01-03T18:36:00,206.271
2026-01-03T18:37:00,201.286
2026-01-03T18:38:00,199.714
2026-01-03T18:39:00,197.341
2026-01-03T18:40:00,203.407
2026-01-03T18:41:00,206.015
2026-01-03T18:42:00,203.566
2026-01-03T18:43:00,211.465
2026-01-03T18:44:00,208.265
2026-01-03T18:45:00,201.350
2026-01-03T18:46:00,201.341
2026-01-03T18:47:00,204.524
2026-01-03T18:48:00,199.324
2026-01-03T18:49:00,207.371
2026-01-03T18:50:00,204.180
2026-01-03T18:51:00,203.787
2026-01-03T18:52:00,205.534
2026-01-03T18:53:00,209.702
2026-01-03T18:54:00,203.517
2026-01-03T18:55:00,202.402
2026-01-03T18:56:00,208.909
2026-01-03T18:57:00,206.763
2026-01-03T18:58:00,201.625
2026-01-03T18:59:00,202.946
2026-01-03T19:00:00,203.720
2026-01-03T19:01:00,204.399
2026-01-03T19:02:00,197.536
2026-01-03T19:03:00,196.803
2026-01-03T19:04:00,199.431
2026-01-03T19:05:00,199.129
2026-01-03T19:06:00,200.418
2026-01-03T19:07:00,205.536
2026-01-03T19:08:00,202.323
2026-01-03T19:09:00,203.786
2026-01-03T19:10:00,198.102
2026-01-03T19:11:00,201.151
2026-01-03T19:12:00,205.343
2026-01-03T19:13:00,205.369
2026-01-03T19:14:00,200.084
2026-01-03T19:15:00,203.621
2026-01-03T19:16:00,211.760
2026-01-03T19:17:00,202.883
2026-01-03T19:18:00,200.169
2026-01-03T19:19:00,202.233
2026-01-03T19:20:00,203.281
2026-01-03T19:21:00,202.291
2026-01-03T19:22:00,202.752
2026-01-03T19:23:00,197.084
2026-01-03T19:24:00,198.986
2026-01-03T19:25:00,202.217
2026-01-03T19:26:00,202.130
2026-01-03T19:27:00,200.501
2026-01-03T19:28:00,202.031
2026-01-03T19:29:00,202.955
2026-01-03T19:30:00,206.240
2026-01-03T19:31:00,202.255
2026-01-03T19:32:00,204.216
2026-01-03T19:33:00,200.420
2026-01-03T19:34:00,204.840
2026-01-03T19:35:00,204.019
2026-01-03T19:36:00,205.943
2026-01-03T19:37:00,205.295
2026-01-03T19:38:00,204.757
2026-01-03T19:39:00,201.968
2026-01-03T19:40:00,203.300
2026-01-03T19:41:00,206.531
2026-01-03T19:42:00,199.625
2026-01-03T19:43:00,199.674
2026-01-03T19:44:00,202.867
2026-01-03T19:45:00,203.756
2026-01-03T19:46:00,198.750
2026-01-03T19:47:00,201.698
2026-01-03T19:48:00,201.571
2026-01-03T19:49:00,193.034
2026-01-03T19:50:00,200.965
2026-01-03T19:51:00,201.161
2026-01-03T19:52:00,201.095
2026-01-03T19:53:00,207.345
2026-01-03T19:54:00,196.763
2026-01-03T19:55:00,198.271
2026-01-03T19:56:00,191.064
2026-01-03T19:57:00,199.531
2026-01-03T19:58:00,199.813
2026-01-03T19:59:00,199.297
2026-01-03T20:00:00,205.707
2026-01-03T20:01:00,204.658
2026-01-03T20:02:00,201.466
2026-01-03T20:03:00,199.610
2026-01-03T20:04:00,205.135
2026-01-03T20:05:00,200.889
2026-01-03T20:06:00,197.631
2026-01-03T20:07:00,193.975
2026-01-03T20:08:00,199.011
2026-01-03T20:09:00,203.730
2026-01-03T20:10:00,209.753
2026-01-03T20:11:00,200.828
2026-01-03T20:12:00,197.455
2026-01-03T20:13:00,195.710
2026-01-03T20:14:00,202.592
2026-01-03T20:15:00,193.259
2026-01-03T20:16:00,202.453
2026-01-03T20:17:00,203.456
2026-01-03T20:18:00,201.864
2026-01-03T20:19:00,199.173
2026-01-03T20:20:00,202.245
2026-01-03T20:21:00,200.602
2026-01-03T20:22:00,196.739
2026-01-03T20:23:00,207.187
2026-01-03T20:24:00,198.312
2026-01-03T20:25:00,202.756
2026-01-03T20:26:00,189.912
2026-01-03T20:27:00,204.627
2026-01-03T20:28:00,205.330
2026-01-03T20:29:00,199.509
2026-01-03T20:30:00,201.559
2026-01-03T20:31:00,201.494
2026-01-03T20:32:00,196.624
2026-01-03T20:33:00,201.320
2026-01-03T20:34:00,195.833
2026-01-03T20:35:00,196.569
2026-01-03T20:36:00,203.450
2026-01-03T20:37:00,202.778
2026-01-03T20:38:00,195.993
2026-01-03T20:39:00,195.823
2026-01-03T20:40:00,196.114
2026-01-03T20:41:00,201.568
2026-01-03T20:42:00,194.578
2026-01-03T20:43:00,1118.508
2026-01-03T20:44:00,201.449
2026-01-03T20:45:00,198.052
2026-01-03T20:46:00,202.389
2026-01-03T20:47:00,197.077
2026-01-03T20:48:00,197.384
2026-01-03T20:49:00,194.277
2026-01-03T20:50:00,202.202
2026-01-03T20:51:00,195.015
2026-01-03T20:52:00,199.430
2026-01-03T20:53:00,197.696
2026-01-03T20:54:00,193.721
2026-01-03T20:55:00,195.448
2026-01-03T20:56:00,203.369
2026-01-03T20:57:00,198.599
2026-01-03T20:58:00,193.711
2026-01-03T20:59:00,198.925
2026-01-03T21:00:00,197.077
2026-01-03T21:01:00,211.437
2026-01-03T21:02:00,198.721
2026-01-03T21:03:00,196.019
2026-01-03T21:04:00,203.184
2026-01-03T21:05:00,190.103
2026-01-03T21:06:00,197.810
2026-01-03T21:07:00,205.376
2026-01-03T21:08:00,196.901
2026-01-03T21:09:00,190.402
2026-01-03T21:10:00,195.721
2026-01-03T21:11:00,203.094
2026-01-03T21:12:00,198.753
2026-01-03T21:13:00,193.868
2026-01-03T21:14:00,194.458
2026-01-03T21:15:00,194.937
2026-01-03T21:16:00,198.598
2026-01-03T21:17:00,202.486
2026-01-03T21:18:00,201.324
2026-01-03T21:19:00,198.921
2026-01-03T21:20:00,191.754
2026-01-03T21:21:00,191.754
2026-01-03T21:22:00,199.186
2026-01-03T21:23:00,191.659
2026-01-03T21:24:00,196.129
2026-01-03T21:25:00,198.239
2026-01-03T21:26:00,192.464
2026-01-03T21:27:00,192.912
2026-01-03T21:28:00,196.628
2026-01-03T21:29:00,199.016
2026-01-03T21:30:00,201.246
2026-01-03T21:31:00,199.428
2026-01-03T21:32:00,197.296
2026-01-03T21:33:00,194.020
2026-01-03T21:34:00,192.726
2026-01-03T21:35:00,194.972
2026-01-03T21:36:00,198.662
2026-01-03T21:37:00,198.378
2026-01-03T21:38:00,188.642
2026-01-03T21:39:00,193.911
2026-01-03T21:40:00,201.885
2026-01-03T21:41:00,197.399
2026-01-03T21:42:00,191.430
2026-01-03T21:43:00,206.539
2026-01-03T21:44:00,197.019
2026-01-03T21:45:00,198.692
2026-01-03T21:46:00,198.775
2026-01-03T21:47:00,195.730
2026-01-03T21:48:00,194.315
2026-01-03T21:49:00,205.738
2026-01-03T21:50:00,201.291
2026-01-03T21:51:00,200.595
2026-01-03T21:52:00,199.642
2026-01-03T21:53:00,193.355
2026-01-03T21:54:00,202.511
2026-01-03T21:55:00,194.062
2026-01-03T21:56:00,198.603
2026-01-03T21:57:00,190.949
2026-01-03T21:58:00,189.381
2026-01-03T21:59:00,198.856
2026-01-03T22:00:00,194.387
2026-01-03T22:01:00,189.708
2026-01-03T22:02:00,199.869
2026-01-03T22:03:00,206.231
2026-01-03T22:04:00,203.353
2026-01-03T22:05:00,196.812
2026-01-03T22:06:00,197.923
2026-01-03T22:07:00,201.486
2026-01-03T22:08:00,202.473
2026-01-03T22:09:00,196.660
2026-01-03T22:10:00,198.222
2026-01-03T22:11:00,199.339
2026-01-03T22:12:00,200.405
2026-01-03T22:13:00,197.711
2026-01-03T22:14:00,197.817
2026-01-03T22:15:00,203.872
2026-01-03T22:16:00,203.247
2026-01-03T22:17:00,200.376
2026-01-03T22:18:00,205.400
2026-01-03T22:19:00,197.036
2026-01-03T22:20:00,205.133
2026-01-03T22:21:00,200.871
2026-01-03T22:22:00,211.846
2026-01-03T22:23:00,194.053
2026-01-03T22:24:00,196.127
2026-01-03T22:25:00,200.621
2026-01-03T22:26:00,200.598
2026-01-03T22:27:00,206.873
2026-01-03T22:28:00,196.462
2026-01-03T22:29:00,202.819
2026-01-03T22:30:00,203.914
2026-01-03T22:31:00,202.148
2026-01-03T22:32:00,195.550
2026-01-03T22:33:00,205.091
2026-01-03T22:34:00,204.443
2026-01-03T22:35:00,201.990
2026-01-03T22:36:00,200.475
2026-01-03T22:37:00,200.628
2026-01-03T22:38:00,199.475
2026-01-03T22:39:00,202.420
2026-01-03T22:40:00,200.048
2026-01-03T22:41:00,196.596
2026-01-03T22:42:00,195.862
2026-01-03T22:43:00,197.115
2026-01-03T22:44:00,201.078
2026-01-03T22:45:00,200.149
2026-01-03T22:46:00,201.184
2026-01-03T22:47:00,202.392
2026-01-03T22:48:00,197.946
2026-01-03T22:49:00,206.383
2026-01-03T22:50:00,199.515
2026-01-03T22:51:00,198.918
2026-01-03T22:52:00,202.646
2026-01-03T22:53:00,193.435
2026-01-03T22:54:00,197.683
2026-01-03T22:55:00,204.833
2026-01-03T22:56:00,194.022
2026-01-03T22:57:00,205.505
2026-01-03T22:58:00,207.142
2026-01-03T22:59:00,199.681
2026-01-03T23:00:00,202.387
2026-01-03T23:01:00,205.757
2026-01-03T23:02:00,199.474
2026-01-03T23:03:00,204.871
2026-01-03T23:04:00,198.774
2026-01-03T23:05:00,199.606
2026-01-03T23:06:00,198.376
2026-01-03T23:07:00,203.001
2026-01-03T23:08:00,206.318
2026-01-03T23:09:00,201.004
2026-01-03T23:10:00,196.709
2026-01-03T23:11:00,197.516
2026-01-03T23:12:00,203.478
2026-01-03T23:13:00,209.327
2026-01-03T23:14:00,203.576
2026-01-03T23:15:00,200.502
2026-01-03T23:16:00,205.163
2026-01-03T23:17:00,201.187
2026-01-03T23:18:00,200.678
2026-01-03T23:19:00,1100.775
2026-01-03T23:20:00,207.914
2026-01-03T23:21:00,192.166
2026-01-03T23:22:00,205.556
2026-01-03T23:23:00,200.550
2026-01-03T23:24:00,200.803
2026-01-03T23:25:00,209.251
2026-01-03T23:26:00,199.662
2026-01-03T23:27:00,199.834
2026-01-03T23:28:00,202.067
2026-01-03T23:29:00,204.277
2026-01-03T23:30:00,200.886
2026-01-03T23:31:00,196.389
2026-01-03T23:32:00,199.250
2026-01-03T23:33:00,207.866
2026-01-03T23:34:00,203.067
2026-01-03T23:35:00,204.597
2026-01-03T23:36:00,201.770
2026-01-03T23:37:00,200.200
2026-01-03T23:38:00,209.570
2026-01-03T23:39:00,202.126
2026-01-03T23:40:00,201.123
2026-01-03T23:41:00,207.298
2026-01-03T23:42:00,200.039
2026-01-03T23:43:00,200.563
2026-01-03T23:44:00,202.996
2026-01-03T23:45:00,202.967
2026-01-03T23:46:00,204.013
2026-01-03T23:47:00,211.349
2026-01-03T23:48:00,204.334
2026-01-03T23:49:00,193.482
2026-01-03T23:50:00,204.303
2026-01-03T23:51:00,203.151
2026-01-03T23:52:00,203.174
2026-01-03T23:53:00,203.983
2026-01-03T23:54:00,202.882
2026-01-03T23:55:00,202.782
2026-01-03T23:56:00,205.439
2026-01-03T23:57:00,200.812
2026-01-03T23:58:00,199.181
2026-01-03T23:59:00,215.057
2026-01-04T00:00:00,200.087
2026-01-04T00:01:00,203.339
2026-01-04T00:02:00,196.941
2026-01-04T00:03:00,203.374
2026-01-04T00:04:00,199.158
2026-01-04T00:05:00,201.103
2026-01-04T00:06:00,207.033
2026-01-04T00:07:00,204.719
2026-01-04T00:08:00,205.082
2026-01-04T00:09:00,195.700
2026-01-04T00:10:00,210.106
2026-01-04T00:11:00,999.991
2026-01-04T00:12:00,208.818
2026-01-04T00:13:00,206.760
2026-01-04T00:14:00,204.953
2026-01-04T00:15:00,199.191
2026-01-04T00:16:00,203.184
2026-01-04T00:17:00,200.659
2026-01-04T00:18:00,202.623
2026-01-04T00:19:00,201.470
2026-01-04T00:20:00,194.277
2026-01-04T00:21:00,206.879
2026-01-04T00:22:00,202.026
2026-01-04T00:23:00,200.370
2026-01-04T00:24:00,200.024
2026-01-04T00:25:00,203.655
2026-01-04T00:26:00,198.601
2026-01-04T00:27:00,193.109
2026-01-04T00:28:00,203.711
2026-01-04T00:29:00,204.110
2026-01-04T00:30:00,201.186
2026-01-04T00:31:00,197.342
2026-01-04T00:32:00,202.238
2026-01-04T00:33:00,195.972
2026-01-04T00:34:00,197.668
2026-01-04T00:35:00,198.720
2026-01-04T00:36:00,205.043
2026-01-04T00:37:00,200.161
2026-01-04T00:38:00,199.764
2026-01-04T00:39:00,209.316
2026-01-04T00:40:00,202.849
2026-01-04T00:41:00,202.737
2026-01-04T00:42:00,199.842
2026-01-04T00:43:00,198.876
2026-01-04T00:44:00,192.455
2026-01-04T00:45:00,205.014
2026-01-04T00:46:00,202.870
2026-01-04T00:47:00,200.298
2026-01-04T00:48:00,200.402
2026-01-04T00:49:00,203.833
2026-01-04T00:50:00,194.605
2026-01-04T00:51:00,198.400
2026-01-04T00:52:00,196.150
2026-01-04T00:53:00,207.716
2026-01-04T00:54:00,204.067
2026-01-04T00:55:00,191.688
2026-01-04T00:56:00,194.378
2026-01-04T00:57:00,199.838
2026-01-04T00:58:00,198.411
2026-01-04T00:59:00,194.937
2026-01-04T01:00:00,207.947
2026-01-04T01:01:00,201.352
2026-01-04T01:02:00,201.934
2026-01-04T01:03:00,197.200
2026-01-04T01:04:00,202.791
2026-01-04T01:05:00,198.313
2026-01-04T01:06:00,953.831
2026-01-04T01:07:00,202.146
2026-01-04T01:08:00,193.120
2026-01-04T01:09:00,205.958
2026-01-04T01:10:00,200.233
2026-01-04T01:11:00,204.562
2026-01-04T01:12:00,195.071
2026-01-04T01:13:00,195.615
2026-01-04T01:14:00,194.595
2026-01-04T01:15:00,200.180
2026-01-04T01:16:00,199.379
2026-01-04T01:17:00,197.194
2026-01-04T01:18:00,194.932
2026-01-04T01:19:00,193.859
2026-01-04T01:20:00,198.670
2026-01-04T01:21:00,196.940
2026-01-04T01:22:00,195.999
2026-01-04T01:23:00,204.870
2026-01-04T01:24:00,198.293
2026-01-04T01:25:00,203.643
2026-01-04T01:26:00,196.372
2026-01-04T01:27:00,199.427
2026-01-04T01:28:00,198.169
2026-01-04T01:29:00,191.544
2026-01-04T01:30:00,203.993
2026-01-04T01:31:00,197.685
2026-01-04T01:32:00,201.158
2026-01-04T01:33:00,195.112
2026-01-04T01:34:00,197.409
2026-01-04T01:35:00,194.551
2026-01-04T01:36:00,202.912
2026-01-04T01:37:00,199.165
2026-01-04T01:38:00,199.341
2026-01-04T01:39:00,203.259
2026-01-04T01:40:00,202.406
2026-01-04T01:41:00,200.798
2026-01-04T01:42:00,192.006
2026-01-04T01:43:00,194.868
2026-01-04T01:44:00,193.594
2026-01-04T01:45:00,200.480
2026-01-04T01:46:00,198.214
2026-01-04T01:47:00,191.933
2026-01-04T01:48:00,196.704
2026-01-04T01:49:00,191.447
2026-01-04T01:50:00,197.178
2026-01-04T01:51:00,190.736
2026-01-04T01:52:00,199.442
2026-01-04T01:53:00,198.809
2026-01-04T01:54:00,204.901
2026-01-04T01:55:00,200.634
2026-01-04T01:56:00,195.525
2026-01-04T01:57:00,200.465
2026-01-04T01:58:00,191.579
2026-01-04T01:59:00,193.298
2026-01-04T02:00:00,198.461
2026-01-04T02:01:00,188.477
2026-01-04T02:02:00,196.944
2026-01-04T02:03:00,192.996
2026-01-04T02:04:00,197.468
2026-01-04T02:05:00,192.739
2026-01-04T02:06:00,198.735
2026-01-04T02:07:00,197.106
2026-01-04T02:08:00,202.622
2026-01-04T02:09:00,197.040
2026-01-04T02:10:00,193.933
2026-01-04T02:11:00,196.016
2026-01-04T02:12:00,191.624
2026-01-04T02:13:00,198.625
2026-01-04T02:14:00,199.360
2026-01-04T02:15:00,206.879
2026-01-04T02:16:00,194.518
2026-01-04T02:17:00,195.939
2026-01-04T02:18:00,194.714
2026-01-04T02:19:00,197.873
2026-01-04T02:20:00,198.561
2026-01-04T02:21:00,196.831
2026-01-04T02:22:00,201.402
2026-01-04T02:23:00,194.603
2026-01-04T02:24:00,201.031
2026-01-04T02:25:00,199.256
2026-01-04T02:26:00,197.072
2026-01-04T02:27:00,195.880
2026-01-04T02:28:00,206.867
2026-01-04T02:29:00,193.915
2026-01-04T02:30:00,198.398
2026-01-04T02:31:00,194.231
2026-01-04T02:32:00,204.400
2026-01-04T02:33:00,200.833
2026-01-04T02:34:00,194.601
2026-01-04T02:35:00,199.395
2026-01-04T02:36:00,198.407
2026-01-04T02:37:00,195.343
2026-01-04T02:38:00,200.477
2026-01-04T02:39:00,199.037
2026-01-04T02:40:00,198.379
2026-01-04T02:41:00,197.387
2026-01-04T02:42:00,199.318
2026-01-04T02:43:00,198.551
2026-01-04T02:44:00,1101.825
2026-01-04T02:45:00,195.154
2026-01-04T02:46:00,204.537
2026-01-04T02:47:00,193.605
2026-01-04T02:48:00,199.563
2026-01-04T02:49:00,196.619
2026-01-04T02:50:00,204.986
2026-01-04T02:51:00,194.383
2026-01-04T02:52:00,195.106
2026-01-04T02:53:00,194.219
2026-01-04T02:54:00,199.444
2026-01-04T02:55:00,192.711
2026-01-04T02:56:00,196.343
2026-01-04T02:57:00,189.702
2026-01-04T02:58:00,199.329
2026-01-04T02:59:00,196.423
2026-01-04T03:00:00,192.529
2026-01-04T03:01:00,202.881
2026-01-04T03:02:00,193.367
2026-01-04T03:03:00,201.844
2026-01-04T03:04:00,195.912
2026-01-04T03:05:00,205.183
2026-01-04T03:06:00,201.836
2026-01-04T03:07:00,194.868
2026-01-04T03:08:00,195.294
2026-01-04T03:09:00,201.447
2026-01-04T03:10:00,198.039
2026-01-04T03:11:00,198.475
2026-01-04T03:12:00,204.305
2026-01-04T03:13:00,196.286
2026-01-04T03:14:00,199.711
2026-01-04T03:15:00,203.229
2026-01-04T03:16:00,202.713
2026-01-04T03:17:00,198.904
2026-01-04T03:18:00,198.453
2026-01-04T03:19:00,192.719
2026-01-04T03:20:00,195.516
2026-01-04T03:21:00,201.081
2026-01-04T03:22:00,199.322
2026-01-04T03:23:00,200.240
2026-01-04T03:24:00,204.164
2026-01-04T03:25:00,888.924
2026-01-04T03:26:00,199.196
2026-01-04T03:27:00,200.962
2026-01-04T03:28:00,197.457
2026-01-04T03:29:00,206.066
2026-01-04T03:30:00,204.040
2026-01-04T03:31:00,201.632
2026-01-04T03:32:00,207.714
2026-01-04T03:33:00,194.607
2026-01-04T03:34:00,200.637
2026-01-04T03:35:00,202.198
2026-01-04T03:36:00,197.139
2026-01-04T03:37:00,202.064
2026-01-04T03:38:00,196.499
2026-01-04T03:39:00,203.751
2026-01-04T03:40:00,205.282
2026-01-04T03:41:00,202.203
2026-01-04T03:42:00,193.764
2026-01-04T03:43:00,197.369
2026-01-04T03:44:00,203.555
2026-01-04T03:45:00,201.441
2026-01-04T03:46:00,190.639
2026-01-04T03:47:00,206.445
2026-01-04T03:48:00,202.078
2026-01-04T03:49:00,198.312
2026-01-04T03:50:00,205.624
2026-01-04T03:51:00,198.990
2026-01-04T03:52:00,199.000
2026-01-04T03:53:00,203.241
2026-01-04T03:54:00,208.985
2026-01-04T03:55:00,208.407
2026-01-04T03:56:00,203.402
2026-01-04T03:57:00,203.863
2026-01-04T03:58:00,205.228
2026-01-04T03:59:00,197.082
2026-01-04T04:00:00,204.734
2026-01-04T04:01:00,199.267
2026-01-04T04:02:00,203.521
2026-01-04T04:03:00,201.381
2026-01-04T04:04:00,204.338
2026-01-04T04:05:00,202.847
2026-01-04T04:06:00,190.123
2026-01-04T04:07:00,203.170
2026-01-04T04:08:00,205.060
2026-01-04T04:09:00,204.312
2026-01-04T04:10:00,202.153
2026-01-04T04:11:00,209.166
2026-01-04T04:12:00,203.876
2026-01-04T04:13:00,204.412
2026-01-04T04:14:00,206.870
2026-01-04T04:15:00,204.171
2026-01-04T04:16:00,199.156
2026-01-04T04:17:00,193.021
2026-01-04T04:18:00,200.890
2026-01-04T04:19:00,205.866
2026-01-04T04:20:00,201.432
2026-01-04T04:21:00,206.069
2026-01-04T04:22:00,203.478
2026-01-04T04:23:00,208.053
2026-01-04T04:24:00,201.737
2026-01-04T04:25:00,204.803
2026-01-04T04:26:00,204.969
2026-01-04T04:27:00,208.964
2026-01-04T04:28:00,196.141
2026-01-04T04:29:00,201.143
2026-01-04T04:30:00,206.379
2026-01-04T04:31:00,998.631
2026-01-04T04:32:00,203.955
2026-01-04T04:33:00,201.827
2026-01-04T04:34:00,206.028
2026-01-04T04:35:00,206.475
2026-01-04T04:36:00,201.560
2026-01-04T04:37:00,204.317
2026-01-04T04:38:00,207.713
2026-01-04T04:39:00,210.547
2026-01-04T04:40:00,205.949
2026-01-04T04:41:00,203.146
2026-01-04T04:42:00,202.743
2026-01-04T04:43:00,205.177
2026-01-04T04:44:00,202.472
2026-01-04T04:45:00,203.678
2026-01-04T04:46:00,198.672
2026-01-04T04:47:00,208.075
2026-01-04T04:48:00,198.307
2026-01-04T04:49:00,201.119
2026-01-04T04:50:00,203.216
2026-01-04T04:51:00,210.766
2026-01-04T04:52:00,201.087
2026-01-04T04:53:00,200.088
2026-01-04T04:54:00,200.522
2026-01-04T04:55:00,209.332
2026-01-04T04:56:00,191.417
2026-01-04T04:57:00,198.624
2026-01-04T04:58:00,213.528
2026-01-04T04:59:00,204.933
2026-01-04T05:00:00,198.110
2026-01-04T05:01:00,202.330
2026-01-04T05:02:00,202.730
2026-01-04T05:03:00,205.806
2026-01-04T05:04:00,209.739
2026-01-04T05:05:00,203.894
2026-01-04T05:06:00,200.139
2026-01-04T05:07:00,205.403
2026-01-04T05:08:00,199.417
2026-01-04T05:09:00,198.031
2026-01-04T05:10:00,195.078
2026-01-04T05:11:00,195.809
2026-01-04T05:12:00,198.435
2026-01-04T05:13:00,197.260
2026-01-04T05:14:00,203.174
2026-01-04T05:15:00,197.071
2026-01-04T05:16:00,189.242
2026-01-04T05:17:00,197.587
2026-01-04T05:18:00,199.821
2026-01-04T05:19:00,199.231
2026-01-04T05:20:00,207.675
2026-01-04T05:21:00,199.086
2026-01-04T05:22:00,205.007
2026-01-04T05:23:00,201.349
2026-01-04T05:24:00,201.196
2026-01-04T05:25:00,197.964
2026-01-04T05:26:00,201.010
2026-01-04T05:27:00,198.124
2026-01-04T05:28:00,201.803
2026-01-04T05:29:00,200.116
2026-01-04T05:30:00,197.220
2026-01-04T05:31:00,204.903
2026-01-04T05:32:00,202.579
2026-01-04T05:33:00,199.015
2026-01-04T05:34:00,201.325
2026-01-04T05:35:00,200.343
2026-01-04T05:36:00,197.143
2026-01-04T05:37:00,200.830
2026-01-04T05:38:00,197.998
2026-01-04T05:39:00,196.637
2026-01-04T05:40:00,193.859
2026-01-04T05:41:00,198.849
2026-01-04T05:42:00,202.485
2026-01-04T05:43:00,197.372
2026-01-04T05:44:00,210.167
2026-01-04T05:45:00,203.560
2026-01-04T05:46:00,205.168
2026-01-04T05:47:00,203.065
2026-01-04T05:48:00,207.229
2026-01-04T05:49:00,196.603
2026-01-04T05:50:00,189.442
2026-01-04T05:51:00,197.834
2026-01-04T05:52:00,201.786
2026-01-04T05:53:00,1061.569
2026-01-04T05:54:00,200.523
2026-01-04T05:55:00,204.640
2026-01-04T05:56:00,200.819
2026-01-04T05:57:00,202.422
2026-01-04T05:58:00,195.404
2026-01-04T05:59:00,194.717
2026-01-04T06:00:00,205.492
2026-01-04T06:01:00,199.376
2026-01-04T06:02:00,196.417
2026-01-04T06:03:00,196.362
2026-01-04T06:04:00,196.190
2026-01-04T06:05:00,195.890
2026-01-04T06:06:00,193.533
2026-01-04T06:07:00,192.605
2026-01-04T06:08:00,197.768
2026-01-04T06:09:00,196.118
2026-01-04T06:10:00,202.861
2026-01-04T06:11:00,199.549
2026-01-04T06:12:00,199.382
2026-01-04T06:13:00,195.293
2026-01-04T06:14:00,197.728
2026-01-04T06:15:00,199.603
2026-01-04T06:16:00,200.971
2026-01-04T06:17:00,197.680
2026-01-04T06:18:00,202.322
2026-01-04T06:19:00,197.988
2026-01-04T06:20:00,201.079
2026-01-04T06:21:00,195.901
2026-01-04T06:22:00,190.564
2026-01-04T06:23:00,198.842
2026-01-04T06:24:00,200.626
2026-01-04T06:25:00,199.983
2026-01-04T06:26:00,199.329
2026-01-04T06:27:00,196.205
2026-01-04T06:28:00,194.333
2026-01-04T06:29:00,199.729
2026-01-04T06:30:00,199.191
2026-01-04T06:31:00,195.206
2026-01-04T06:32:00,201.853
2026-01-04T06:33:00,193.850
2026-01-04T06:34:00,195.016
2026-01-04T06:35:00,203.865
2026-01-04T06:36:00,200.764
2026-01-04T06:37:00,195.830
2026-01-04T06:38:00,198.385
2026-01-04T06:39:00,197.830
2026-01-04T06:40:00,186.204
2026-01-04T06:41:00,193.538
2026-01-04T06:42:00,196.940
2026-01-04T06:43:00,195.697
2026-01-04T06:44:00,198.094
2026-01-04T06:45:00,201.606
2026-01-04T06:46:00,195.787
2026-01-04T06:47:00,192.829
2026-01-04T06:48:00,198.346
2026-01-04T06:49:00,195.729
2026-01-04T06:50:00,196.402
2026-01-04T06:51:00,195.851
2026-01-04T06:52:00,205.979
2026-01-04T06:53:00,188.044
2026-01-04T06:54:00,195.449
2026-01-04T06:55:00,196.986
2026-01-04T06:56:00,193.875
2026-01-04T06:57:00,200.600
2026-01-04T06:58:00,200.256
2026-01-04T06:59:00,196.816
2026-01-04T07:00:00,195.929
2026-01-04T07:01:00,196.571
2026-01-04T07:02:00,196.608
2026-01-04T07:03:00,196.723
2026-01-04T07:04:00,196.296
2026-01-04T07:05:00,198.070
2026-01-04T07:06:00,200.087
2026-01-04T07:07:00,192.169
2026-01-04T07:08:00,192.904
2026-01-04T07:09:00,190.131
2026-01-04T07:10:00,200.611
2026-01-04T07:11:00,198.167
2026-01-04T07:12:00,199.210
2026-01-04T07:13:00,191.495
2026-01-04T07:14:00,204.378
2026-01-04T07:15:00,194.829
2026-01-04T07:16:00,197.966
2026-01-04T07:17:00,200.740
2026-01-04T07:18:00,193.405
2026-01-04T07:19:00,195.200
2026-01-04T07:20:00,198.135
2026-01-04T07:21:00,208.883
2026-01-04T07:22:00,198.693
2026-01-04T07:23:00,203.951
2026-01-04T07:24:00,202.387
2026-01-04T07:25:00,199.076
2026-01-04T07:26:00,193.688
2026-01-04T07:27:00,201.925
2026-01-04T07:28:00,191.737
2026-01-04T07:29:00,204.177
2026-01-04T07:30:00,198.619
2026-01-04T07:31:00,187.264
2026-01-04T07:32:00,196.550
2026-01-04T07:33:00,200.576
2026-01-04T07:34:00,197.062
2026-01-04T07:35:00,200.920
2026-01-04T07:36:00,194.712
2026-01-04T07:37:00,192.940
2026-01-04T07:38:00,197.931
2026-01-04T07:39:00,198.397
2026-01-04T07:40:00,196.933
2026-01-04T07:41:00,203.291
2026-01-04T07:42:00,195.038
2026-01-04T07:43:00,199.748
2026-01-04T07:44:00,198.826
2026-01-04T07:45:00,192.386
2026-01-04T07:46:00,193.396
2026-01-04T07:47:00,198.780
2026-01-04T07:48:00,206.718
2026-01-04T07:49:00,201.171
2026-01-04T07:50:00,192.013
2026-01-04T07:51:00,186.536
2026-01-04T07:52:00,201.974
2026-01-04T07:53:00,198.720
2026-01-04T07:54:00,203.734
2026-01-04T07:55:00,195.710
2026-01-04T07:56:00,200.698
2026-01-04T07:57:00,202.747
2026-01-04T07:58:00,197.638
2026-01-04T07:59:00,197.789
2026-01-04T08:00:00,199.660
2026-01-04T08:01:00,201.796
2026-01-04T08:02:00,199.634
2026-01-04T08:03:00,203.654
2026-01-04T08:04:00,197.977
2026-01-04T08:05:00,194.577
2026-01-04T08:06:00,207.865
2026-01-04T08:07:00,197.606
2026-01-04T08:08:00,197.817
2026-01-04T08:09:00,1077.256
2026-01-04T08:10:00,200.493
2026-01-04T08:11:00,198.744
2026-01-04T08:12:00,200.287
2026-01-04T08:13:00,200.264
2026-01-04T08:14:00,201.188
2026-01-04T08:15:00,191.124
2026-01-04T08:16:00,208.143
2026-01-04T08:17:00,200.096
2026-01-04T08:18:00,203.072
2026-01-04T08:19:00,195.301
2026-01-04T08:20:00,198.994
2026-01-04T08:21:00,198.252
2026-01-04T08:22:00,206.883
2026-01-04T08:23:00,198.724
2026-01-04T08:24:00,204.161
2026-01-04T08:25:00,198.589
2026-01-04T08:26:00,199.441
2026-01-04T08:27:00,200.329
2026-01-04T08:28:00,206.507
2026-01-04T08:29:00,193.871
2026-01-04T08:30:00,196.226
2026-01-04T08:31:00,193.757
2026-01-04T08:32:00,197.253
2026-01-04T08:33:00,198.412
2026-01-04T08:34:00,195.256
2026-01-04T08:35:00,198.832
2026-01-04T08:36:00,193.763
2026-01-04T08:37:00,197.802
2026-01-04T08:38:00,206.727
2026-01-04T08:39:00,203.591
2026-01-04T08:40:00,202.776
2026-01-04T08:41:00,198.064
2026-01-04T08:42:00,195.978
2026-01-04T08:43:00,197.612
2026-01-04T08:44:00,202.042
2026-01-04T08:45:00,205.732
2026-01-04T08:46:00,205.912
2026-01-04T08:47:00,204.867
2026-01-04T08:48:00,199.435
2026-01-04T08:49:00,202.523
2026-01-04T08:50:00,201.178
2026-01-04T08:51:00,201.696
2026-01-04T08:52:00,210.686
2026-01-04T08:53:00,195.524
2026-01-04T08:54:00,201.667
2026-01-04T08:55:00,207.485
2026-01-04T08:56:00,196.806
2026-01-04T08:57:00,200.124
2026-01-04T08:58:00,200.612
2026-01-04T08:59:00,201.862
2026-01-04T09:00:00,196.397
2026-01-04T09:01:00,205.186
2026-01-04T09:02:00,205.493
2026-01-04T09:03:00,204.883
2026-01-04T09:04:00,199.388
2026-01-04T09:05:00,203.234
2026-01-04T09:06:00,199.308
2026-01-04T09:07:00,201.591
2026-01-04T09:08:00,211.550
2026-01-04T09:09:00,993.912
2026-01-04T09:10:00,198.210
2026-01-04T09:11:00,203.692
2026-01-04T09:12:00,197.572
2026-01-04T09:13:00,198.190
2026-01-04T09:14:00,198.827
2026-01-04T09:15:00,201.219
2026-01-04T09:16:00,206.747
2026-01-04T09:17:00,205.314
2026-01-04T09:18:00,205.092
2026-01-04T09:19:00,198.602
2026-01-04T09:20:00,200.829
2026-01-04T09:21:00,204.078
2026-01-04T09:22:00,200.471
2026-01-04T09:23:00,201.863
2026-01-04T09:24:00,204.732
2026-01-04T09:25:00,201.561
2026-01-04T09:26:00,203.849
2026-01-04T09:27:00,209.302
2026-01-04T09:28:00,202.229
2026-01-04T09:29:00,207.617
2026-01-04T09:30:00,205.119
2026-01-04T09:31:00,196.994
2026-01-04T09:32:00,198.433
2026-01-04T09:33:00,199.485
2026-01-04T09:34:00,199.377
2026-01-04T09:35:00,202.410
2026-01-04T09:36:00,205.204
2026-01-04T09:37:00,207.738
2026-01-04T09:38:00,203.922
2026-01-04T09:39:00,200.876
2026-01-04T09:40:00,194.298
2026-01-04T09:41:00,202.877
2026-01-04T09:42:00,202.663
2026-01-04T09:43:00,203.256
2026-01-04T09:44:00,210.913
2026-01-04T09:45:00,207.413
2026-01-04T09:46:00,205.551
2026-01-04T09:47:00,198.523
2026-01-04T09:48:00,200.277
2026-01-04T09:49:00,201.908
2026-01-04T09:50:00,199.142
2026-01-04T09:51:00,204.200
2026-01-04T09:52:00,203.580
2026-01-04T09:53:00,197.752
2026-01-04T09:54:00,206.845
2026-01-04T09:55:00,202.418
2026-01-04T09:56:00,195.042
2026-01-04T09:57:00,201.702
2026-01-04T09:58:00,202.980
2026-01-04T09:59:00,205.694
2026-01-04T10:00:00,200.399
2026-01-04T10:01:00,205.006
2026-01-04T10:02:00,202.388
2026-01-04T10:03:00,196.323
2026-01-04T10:04:00,195.865
2026-01-04T10:05:00,205.958
2026-01-04T10:06:00,206.193
2026-01-04T10:07:00,202.642
2026-01-04T10:08:00,207.273
2026-01-04T10:09:00,205.456
2026-01-04T10:10:00,203.903
2026-01-04T10:11:00,197.462
2026-01-04T10:12:00,207.971
2026-01-04T10:13:00,203.127
2026-01-04T10:14:00,199.376
2026-01-04T10:15:00,198.182
2026-01-04T10:16:00,201.818
2026-01-04T10:17:00,194.042
2026-01-04T10:18:00,203.460
2026-01-04T10:19:00,196.782
2026-01-04T10:20:00,202.014
2026-01-04T10:21:00,198.379
2026-01-04T10:22:00,199.342
2026-01-04T10:23:00,197.306
2026-01-04T10:24:00,199.622
2026-01-04T10:25:00,207.758
2026-01-04T10:26:00,205.674
2026-01-04T10:27:00,201.485
2026-01-04T10:28:00,199.899
2026-01-04T10:29:00,203.311
2026-01-04T10:30:00,204.387
2026-01-04T10:31:00,196.481
2026-01-04T10:32:00,199.424
2026-01-04T10:33:00,192.380
2026-01-04T10:34:00,204.094
2026-01-04T10:35:00,207.796
2026-01-04T10:36:00,199.790
2026-01-04T10:37:00,190.905
2026-01-04T10:38:00,201.775
2026-01-04T10:39:00,195.658
2026-01-04T10:40:00,196.557
2026-01-04T10:41:00,201.652
2026-01-04T10:42:00,200.100
2026-01-04T10:43:00,197.067
2026-01-04T10:44:00,196.358
2026-01-04T10:45:00,199.397
2026-01-04T10:46:00,197.194
2026-01-04T10:47:00,194.334
2026-01-04T10:48:00,197.380
2026-01-04T10:49:00,200.009
2026-01-04T10:50:00,197.879
2026-01-04T10:51:00,192.879
2026-01-04T10:52:00,202.432
2026-01-04T10:53:00,187.463
2026-01-04T10:54:00,196.577
2026-01-04T10:55:00,195.826
2026-01-04T10:56:00,198.845
2026-01-04T10:57:00,200.445
2026-01-04T10:58:00,202.652
2026-01-04T10:59:00,195.244
2026-01-04T11:00:00,200.389
2026-01-04T11:01:00,198.776
2026-01-04T11:02:00,191.097
2026-01-04T11:03:00,205.497
2026-01-04T11:04:00,192.093
2026-01-04T11:05:00,199.480
2026-01-04T11:06:00,199.317
2026-01-04T11:07:00,198.816
2026-01-04T11:08:00,195.693
2026-01-04T11:09:00,985.832
2026-01-04T11:10:00,191.348
2026-01-04T11:11:00,197.287
2026-01-04T11:12:00,195.257
2026-01-04T11:13:00,194.767
2026-01-04T11:14:00,199.155
2026-01-04T11:15:00,201.716
2026-01-04T11:16:00,196.000
2026-01-04T11:17:00,200.465
2026-01-04T11:18:00,197.511
2026-01-04T11:19:00,193.712
2026-01-04T11:20:00,196.223
2026-01-04T11:21:00,196.031
2026-01-04T11:22:00,194.417
2026-01-04T11:23:00,198.895
2026-01-04T11:24:00,198.097
2026-01-04T11:25:00,190.775
2026-01-04T11:26:00,190.512
2026-01-04T11:27:00,198.799
2026-01-04T11:28:00,193.823
2026-01-04T11:29:00,198.278
2026-01-04T11:30:00,200.180
2026-01-04T11:31:00,191.960
2026-01-04T11:32:00,191.387
2026-01-04T11:33:00,203.722
2026-01-04T11:34:00,198.423
2026-01-04T11:35:00,195.333
2026-01-04T11:36:00,193.270
2026-01-04T11:37:00,194.960
2026-01-04T11:38:00,192.238
2026-01-04T11:39:00,200.534
2026-01-04T11:40:00,193.894
2026-01-04T11:41:00,201.378
2026-01-04T11:42:00,195.406
2026-01-04T11:43:00,192.840
2026-01-04T11:44:00,195.316
2026-01-04T11:45:00,186.533
2026-01-04T11:46:00,196.556
2026-01-04T11:47:00,196.370
2026-01-04T11:48:00,200.363
2026-01-04T11:49:00,189.533
2026-01-04T11:50:00,201.742
2026-01-04T11:51:00,200.394
2026-01-04T11:52:00,202.138
2026-01-04T11:53:00,196.939
2026-01-04T11:54:00,201.227
2026-01-04T11:55:00,191.310
2026-01-04T11:56:00,200.071
2026-01-04T11:57:00,194.160
2026-01-04T11:58:00,190.666
2026-01-04T11:59:00,192.804
2026-01-04T12:00:00,197.352
2026-01-04T12:01:00,194.064
2026-01-04T12:02:00,905.373
2026-01-04T12:03:00,190.194
2026-01-04T12:04:00,188.954
2026-01-04T12:05:00,202.988
2026-01-04T12:06:00,201.151
2026-01-04T12:07:00,193.377
2026-01-04T12:08:00,197.602
2026-01-04T12:09:00,201.733
2026-01-04T12:10:00,199.374
2026-01-04T12:11:00,198.333
2026-01-04T12:12:00,202.165
2026-01-04T12:13:00,194.908
2026-01-04T12:14:00,198.002
2026-01-04T12:15:00,197.853
2026-01-04T12:16:00,196.882
2026-01-04T12:17:00,196.464
2026-01-04T12:18:00,198.365
2026-01-04T12:19:00,198.263
2026-01-04T12:20:00,193.984
2026-01-04T12:21:00,201.438
2026-01-04T12:22:00,194.380
2026-01-04T12:23:00,197.467
2026-01-04T12:24:00,197.215
2026-01-04T12:25:00,199.885
2026-01-04T12:26:00,190.034
2026-01-04T12:27:00,202.132
2026-01-04T12:28:00,195.920
2026-01-04T12:29:00,203.567
2026-01-04T12:30:00,196.835
2026-01-04T12:31:00,198.613
2026-01-04T12:32:00,206.525
2026-01-04T12:33:00,197.823
2026-01-04T12:34:00,203.950
2026-01-04T12:35:00,199.214
2026-01-04T12:36:00,200.783
2026-01-04T12:37:00,199.465
2026-01-04T12:38:00,202.641
2026-01-04T12:39:00,196.572
2026-01-04T12:40:00,195.443
2026-01-04T12:41:00,196.890
2026-01-04T12:42:00,199.909
2026-01-04T12:43:00,198.693
2026-01-04T12:44:00,202.483
2026-01-04T12:45:00,204.927
2026-01-04T12:46:00,195.872
2026-01-04T12:47:00,196.906
2026-01-04T12:48:00,194.163
2026-01-04T12:49:00,208.096
2026-01-04T12:50:00,201.260
2026-01-04T12:51:00,202.027
2026-01-04T12:52:00,194.814
2026-01-04T12:53:00,200.236
2026-01-04T12:54:00,202.344
2026-01-04T12:55:00,199.363
2026-01-04T12:56:00,204.743
2026-01-04T12:57:00,209.753
2026-01-04T12:58:00,196.783
2026-01-04T12:59:00,196.548
2026-01-04T13:00:00,197.190
2026-01-04T13:01:00,207.191
2026-01-04T13:02:00,205.000
2026-01-04T13:03:00,200.352
2026-01-04T13:04:00,201.104
2026-01-04T13:05:00,197.754
2026-01-04T13:06:00,204.643
2026-01-04T13:07:00,199.625
2026-01-04T13:08:00,200.166
2026-01-04T13:09:00,203.702
2026-01-04T13:10:00,200.575
2026-01-04T13:11:00,200.447
2026-01-04T13:12:00,201.488
2026-01-04T13:13:00,204.685
2026-01-04T13:14:00,208.147
2026-01-04T13:15:00,203.959
2026-01-04T13:16:00,204.886
2026-01-04T13:17:00,200.928
2026-01-04T13:18:00,198.951
2026-01-04T13:19:00,204.451
2026-01-04T13:20:00,202.572
2026-01-04T13:21:00,196.248
2026-01-04T13:22:00,200.677
2026-01-04T13:23:00,201.707
2026-01-04T13:24:00,200.045
2026-01-04T13:25:00,208.061
2026-01-04T13:26:00,204.100
2026-01-04T13:27:00,207.719
2026-01-04T13:28:00,203.324
2026-01-04T13:29:00,202.639
2026-01-04T13:30:00,198.609
2026-01-04T13:31:00,202.443
2026-01-04T13:32:00,202.487
2026-01-04T13:33:00,197.005
2026-01-04T13:34:00,200.353
2026-01-04T13:35:00,201.253
2026-01-04T13:36:00,204.235
2026-01-04T13:37:00,204.460
2026-01-04T13:38:00,200.321
2026-01-04T13:39:00,204.553
2026-01-04T13:40:00,201.978
2026-01-04T13:41:00,191.256
2026-01-04T13:42:00,200.823
2026-01-04T13:43:00,207.103
2026-01-04T13:44:00,196.084
2026-01-04T13:45:00,203.284
2026-01-04T13:46:00,209.196
2026-01-04T13:47:00,199.832
2026-01-04T13:48:00,202.901
2026-01-04T13:49:00,197.694
2026-01-04T13:50:00,209.434
2026-01-04T13:51:00,202.606
2026-01-04T13:52:00,203.138
2026-01-04T13:53:00,208.380
2026-01-04T13:54:00,205.619
2026-01-04T13:55:00,199.478
2026-01-04T13:56:00,200.399
2026-01-04T13:57:00,204.973
2026-01-04T13:58:00,200.500
2026-01-04T13:59:00,194.530
2026-01-04T14:00:00,202.787
2026-01-04T14:01:00,197.079
2026-01-04T14:02:00,209.462
2026-01-04T14:03:00,203.701
2026-01-04T14:04:00,199.368
2026-01-04T14:05:00,200.187
2026-01-04T14:06:00,195.416
2026-01-04T14:07:00,198.567
2026-01-04T14:08:00,207.019
2026-01-04T14:09:00,211.868
2026-01-04T14:10:00,205.833
2026-01-04T14:11:00,202.544
2026-01-04T14:12:00,201.167
2026-01-04T14:13:00,199.051
2026-01-04T14:14:00,211.096
2026-01-04T14:15:00,202.081
2026-01-04T14:16:00,813.879
2026-01-04T14:17:00,208.364
2026-01-04T14:18:00,195.802
2026-01-04T14:19:00,200.075
2026-01-04T14:20:00,200.034
2026-01-04T14:21:00,202.362
2026-01-04T14:22:00,202.409
2026-01-04T14:23:00,214.604
2026-01-04T14:24:00,198.277
2026-01-04T14:25:00,203.467
2026-01-04T14:26:00,204.981
2026-01-04T14:27:00,202.472
2026-01-04T14:28:00,202.881
2026-01-04T14:29:00,198.222
2026-01-04T14:30:00,202.786
2026-01-04T14:31:00,204.364
2026-01-04T14:32:00,203.586
2026-01-04T14:33:00,204.513
2026-01-04T14:34:00,207.837
2026-01-04T14:35:00,205.888
2026-01-04T14:36:00,202.378
2026-01-04T14:37:00,197.358
2026-01-04T14:38:00,199.596
2026-01-04T14:39:00,201.067
2026-01-04T14:40:00,202.904
2026-01-04T14:41:00,199.929
2026-01-04T14:42:00,198.046
2026-01-04T14:43:00,196.982
2026-01-04T14:44:00,195.076
2026-01-04T14:45:00,200.685
2026-01-04T14:46:00,195.690
2026-01-04T14:47:00,197.509
2026-01-04T14:48:00,199.877
2026-01-04T14:49:00,196.051
2026-01-04T14:50:00,202.854
2026-01-04T14:51:00,204.236
2026-01-04T14:52:00,199.017
2026-01-04T14:53:00,199.405
2026-01-04T14:54:00,203.241
2026-01-04T14:55:00,198.173
2026-01-04T14:56:00,1120.870
2026-01-04T14:57:00,205.689
2026-01-04T14:58:00,204.376
2026-01-04T14:59:00,203.181
2026-01-04T15:00:00,204.413
2026-01-04T15:01:00,192.736
2026-01-04T15:02:00,205.995
2026-01-04T15:03:00,202.082
2026-01-04T15:04:00,204.492
2026-01-04T15:05:00,201.931
2026-01-04T15:06:00,200.512
2026-01-04T15:07:00,199.149
2026-01-04T15:08:00,201.652
2026-01-04T15:09:00,198.870
2026-01-04T15:10:00,203.522
2026-01-04T15:11:00,193.638
2026-01-04T15:12:00,197.750
2026-01-04T15:13:00,208.029
2026-01-04T15:14:00,197.279
2026-01-04T15:15:00,198.762
2026-01-04T15:16:00,196.121
2026-01-04T15:17:00,200.928
2026-01-04T15:18:00,196.574
2026-01-04T15:19:00,198.711
2026-01-04T15:20:00,202.783
2026-01-04T15:21:00,196.528
2026-01-04T15:22:00,202.412
2026-01-04T15:23:00,202.482
2026-01-04T15:24:00,203.349
2026-01-04T15:25:00,199.628
2026-01-04T15:26:00,211.968
2026-01-04T15:27:00,203.158
2026-01-04T15:28:00,200.178
2026-01-04T15:29:00,195.313
2026-01-04T15:30:00,198.367
2026-01-04T15:31:00,204.401
2026-01-04T15:32:00,205.474
2026-01-04T15:33:00,204.490
2026-01-04T15:34:00,201.659
2026-01-04T15:35:00,193.438
2026-01-04T15:36:00,200.352
2026-01-04T15:37:00,193.382
2026-01-04T15:38:00,192.343
2026-01-04T15:39:00,199.195
2026-01-04T15:40:00,200.277
2026-01-04T15:41:00,201.745
2026-01-04T15:42:00,200.069
2026-01-04T15:43:00,200.156
2026-01-04T15:44:00,194.041
2026-01-04T15:45:00,197.511
2026-01-04T15:46:00,191.855
2026-01-04T15:47:00,189.823
2026-01-04T15:48:00,200.753
2026-01-04T15:49:00,194.734
2026-01-04T15:50:00,201.193
2026-01-04T15:51:00,202.094
2026-01-04T15:52:00,195.142
2026-01-04T15:53:00,199.941
2026-01-04T15:54:00,194.896
2026-01-04T15:55:00,190.120
2026-01-04T15:56:00,197.960
2026-01-04T15:57:00,195.548
2026-01-04T15:58:00,195.637
2026-01-04T15:59:00,205.267
2026-01-04T16:00:00,191.231
2026-01-04T16:01:00,198.836
2026-01-04T16:02:00,193.296
2026-01-04T16:03:00,200.881
2026-01-04T16:04:00,198.416
2026-01-04T16:05:00,198.715
2026-01-04T16:06:00,193.395
2026-01-04T16:07:00,194.091
2026-01-04T16:08:00,200.842
2026-01-04T16:09:00,204.197
2026-01-04T16:10:00,199.018
2026-01-04T16:11:00,193.491
2026-01-04T16:12:00,198.421
2026-01-04T16:13:00,206.762
2026-01-04T16:14:00,197.451
2026-01-04T16:15:00,202.878
2026-01-04T16:16:00,194.061
2026-01-04T16:17:00,196.846
2026-01-04T16:18:00,199.487
2026-01-04T16:19:00,198.594
2026-01-04T16:20:00,193.936
2026-01-04T16:21:00,193.762
2026-01-04T16:22:00,200.953
2026-01-04T16:23:00,201.768
2026-01-04T16:24:00,203.053
2026-01-04T16:25:00,204.225
2026-01-04T16:26:00,197.554
2026-01-04T16:27:00,195.778
2026-01-04T16:28:00,202.436
2026-01-04T16:29:00,199.895
2026-01-04T16:30:00,193.124
2026-01-04T16:31:00,192.933
2026-01-04T16:32:00,199.050
2026-01-04T16:33:00,196.389
2026-01-04T16:34:00,197.010
2026-01-04T16:35:00,201.425
2026-01-04T16:36:00,200.192
2026-01-04T16:37:00,202.497
2026-01-04T16:38:00,189.475
2026-01-04T16:39:00,198.239
2026-01-04T16:40:00,200.030
2026-01-04T16:41:00,191.173
2026-01-04T16:42:00,194.688
2026-01-04T16:43:00,193.976
2026-01-04T16:44:00,197.456
2026-01-04T16:45:00,203.913
2026-01-04T16:46:00,205.526
2026-01-04T16:47:00,194.214
2026-01-04T16:48:00,199.614
2026-01-04T16:49:00,199.781
2026-01-04T16:50:00,199.135
2026-01-04T16:51:00,889.336
2026-01-04T16:52:00,198.881
2026-01-04T16:53:00,204.458
2026-01-04T16:54:00,202.162
2026-01-04T16:55:00,193.556
2026-01-04T16:56:00,201.025
2026-01-04T16:57:00,201.459
2026-01-04T16:58:00,199.197
2026-01-04T16:59:00,202.512
2026-01-04T17:00:00,198.788
2026-01-04T17:01:00,198.888
2026-01-04T17:02:00,198.623
2026-01-04T17:03:00,190.118
2026-01-04T17:04:00,197.923
2026-01-04T17:05:00,195.626
2026-01-04T17:06:00,193.609
2026-01-04T17:07:00,204.147
2026-01-04T17:08:00,200.485
2026-01-04T17:09:00,198.406
2026-01-04T17:10:00,196.325
2026-01-04T17:11:00,199.828
2026-01-04T17:12:00,202.668
2026-01-04T17:13:00,195.455
2026-01-04T17:14:00,198.805
2026-01-04T17:15:00,202.358
2026-01-04T17:16:00,191.204
2026-01-04T17:17:00,198.780
2026-01-04T17:18:00,197.357
2026-01-04T17:19:00,198.602
2026-01-04T17:20:00,197.195
2026-01-04T17:21:00,199.816
2026-01-04T17:22:00,207.025
2026-01-04T17:23:00,198.100
2026-01-04T17:24:00,200.628
2026-01-04T17:25:00,207.506
2026-01-04T17:26:00,197.393
2026-01-04T17:27:00,206.918
2026-01-04T17:28:00,199.747
2026-01-04T17:29:00,206.920
2026-01-04T17:30:00,202.859
2026-01-04T17:31:00,201.154
2026-01-04T17:32:00,199.729
2026-01-04T17:33:00,197.562
2026-01-04T17:34:00,200.428
2026-01-04T17:35:00,203.781
2026-01-04T17:36:00,200.206
2026-01-04T17:37:00,199.058
2026-01-04T17:38:00,199.388
2026-01-04T17:39:00,204.427
2026-01-04T17:40:00,205.423
2026-01-04T17:41:00,197.919
2026-01-04T17:42:00,197.979
2026-01-04T17:43:00,202.236
2026-01-04T17:44:00,206.893
2026-01-04T17:45:00,205.431
2026-01-04T17:46:00,195.903
2026-01-04T17:47:00,199.918
2026-01-04T17:48:00,197.314
2026-01-04T17:49:00,200.029
2026-01-04T17:50:00,207.578
2026-01-04T17:51:00,195.531
2026-01-04T17:52:00,194.807
2026-01-04T17:53:00,198.028
2026-01-04T17:54:00,202.551
2026-01-04T17:55:00,203.943
2026-01-04T17:56:00,203.268
2026-01-04T17:57:00,206.278
2026-01-04T17:58:00,194.579
2026-01-04T17:59:00,206.440
2026-01-04T18:00:00,200.493
2026-01-04T18:01:00,204.722
2026-01-04T18:02:00,196.555
2026-01-04T18:03:00,201.921
2026-01-04T18:04:00,202.897
2026-01-04T18:05:00,206.625
2026-01-04T18:06:00,195.710
2026-01-04T18:07:00,202.222
2026-01-04T18:08:00,197.805
2026-01-04T18:09:00,204.214
2026-01-04T18:10:00,205.346
2026-01-04T18:11:00,825.622
2026-01-04T18:12:00,200.184
2026-01-04T18:13:00,206.074
2026-01-04T18:14:00,207.850
2026-01-04T18:15:00,195.872
2026-01-04T18:16:00,204.933
2026-01-04T18:17:00,206.354
2026-01-04T18:18:00,201.521
2026-01-04T18:19:00,197.747
2026-01-04T18:20:00,206.395
2026-01-04T18:21:00,197.856
2026-01-04T18:22:00,201.972
2026-01-04T18:23:00,202.553
2026-01-04T18:24:00,205.604
2026-01-04T18:25:00,200.262
2026-01-04T18:26:00,200.055
2026-01-04T18:27:00,203.212
2026-01-04T18:28:00,206.865
2026-01-04T18:29:00,212.010
2026-01-04T18:30:00,196.849
2026-01-04T18:31:00,204.159
2026-01-04T18:32:00,198.568
2026-01-04T18:33:00,207.004
2026-01-04T18:34:00,199.189
2026-01-04T18:35:00,200.256
2026-01-04T18:36:00,200.609
2026-01-04T18:37:00,202.670
2026-01-04T18:38:00,204.276
2026-01-04T18:39:00,204.924
2026-01-04T18:40:00,202.971
2026-01-04T18:41:00,197.678
2026-01-04T18:42:00,205.911
2026-01-04T18:43:00,202.788
2026-01-04T18:44:00,207.646
2026-01-04T18:45:00,200.165
2026-01-04T18:46:00,196.583
2026-01-04T18:47:00,202.851
2026-01-04T18:48:00,208.164
2026-01-04T18:49:00,203.615
2026-01-04T18:50:00,202.163
2026-01-04T18:51:00,199.469
2026-01-04T18:52:00,209.969
2026-01-04T18:53:00,198.805
2026-01-04T18:54:00,200.006
2026-01-04T18:55:00,205.171
2026-01-04T18:56:00,195.448
2026-01-04T18:57:00,207.950
2026-01-04T18:58:00,205.327
2026-01-04T18:59:00,206.405
2026-01-04T19:00:00,205.016
2026-01-04T19:01:00,202.114
2026-01-04T19:02:00,198.479
2026-01-04T19:03:00,202.143
2026-01-04T19:04:00,198.773
2026-01-04T19:05:00,204.587
2026-01-04T19:06:00,205.837
2026-01-04T19:07:00,208.484
2026-01-04T19:08:00,204.029
2026-01-04T19:09:00,206.204
2026-01-04T19:10:00,201.280
2026-01-04T19:11:00,200.517
2026-01-04T19:12:00,204.285
2026-01-04T19:13:00,200.804
2026-01-04T19:14:00,203.384
2026-01-04T19:15:00,198.020
2026-01-04T19:16:00,198.694
2026-01-04T19:17:00,204.717
2026-01-04T19:18:00,205.675
2026-01-04T19:19:00,198.138
2026-01-04T19:20:00,204.715
2026-01-04T19:21:00,199.852
2026-01-04T19:22:00,201.998
2026-01-04T19:23:00,207.549
2026-01-04T19:24:00,205.058
2026-01-04T19:25:00,204.959
2026-01-04T19:26:00,209.356
2026-01-04T19:27:00,198.851
2026-01-04T19:28:00,197.667
2026-01-04T19:29:00,198.665
2026-01-04T19:30:00,200.478
2026-01-04T19:31:00,192.020
2026-01-04T19:32:00,200.549
2026-01-04T19:33:00,199.141
2026-01-04T19:34:00,204.394
2026-01-04T19:35:00,202.608
2026-01-04T19:36:00,198.734
2026-01-04T19:37:00,854.711
2026-01-04T19:38:00,203.906
2026-01-04T19:39:00,197.876
2026-01-04T19:40:00,198.914
2026-01-04T19:41:00,191.921
2026-01-04T19:42:00,196.395
2026-01-04T19:43:00,197.723
2026-01-04T19:44:00,200.925
2026-01-04T19:45:00,196.781
2026-01-04T19:46:00,198.444
2026-01-04T19:47:00,195.530
2026-01-04T19:48:00,201.050
2026-01-04T19:49:00,202.002
2026-01-04T19:50:00,201.842
2026-01-04T19:51:00,200.216
2026-01-04T19:52:00,193.935
2026-01-04T19:53:00,197.553
2026-01-04T19:54:00,198.337
2026-01-04T19:55:00,198.287
2026-01-04T19:56:00,200.133
2026-01-04T19:57:00,205.469
2026-01-04T19:58:00,202.949
2026-01-04T19:59:00,195.684
2026-01-04T20:00:00,202.281
2026-01-04T20:01:00,202.063
2026-01-04T20:02:00,196.212
2026-01-04T20:03:00,202.767
2026-01-04T20:04:00,198.665
2026-01-04T20:05:00,193.602
2026-01-04T20:06:00,200.998
2026-01-04T20:07:00,199.981
2026-01-04T20:08:00,198.139
2026-01-04T20:09:00,198.837
2026-01-04T20:10:00,196.048
2026-01-04T20:11:00,201.303
2026-01-04T20:12:00,198.627
2026-01-04T20:13:00,199.406
2026-01-04T20:14:00,200.108
2026-01-04T20:15:00,194.002
2026-01-04T20:16:00,194.984
2026-01-04T20:17:00,189.664
2026-01-04T20:18:00,200.705
2026-01-04T20:19:00,193.540
2026-01-04T20:20:00,198.864
2026-01-04T20:21:00,199.762
2026-01-04T20:22:00,200.634
2026-01-04T20:23:00,977.189
2026-01-04T20:24:00,197.858
2026-01-04T20:25:00,204.748
2026-01-04T20:26:00,204.874
2026-01-04T20:27:00,201.916
2026-01-04T20:28:00,199.269
2026-01-04T20:29:00,193.851
2026-01-04T20:30:00,200.699
2026-01-04T20:31:00,197.147
2026-01-04T20:32:00,199.977
2026-01-04T20:33:00,195.160
2026-01-04T20:34:00,196.958
2026-01-04T20:35:00,198.266
2026-01-04T20:36:00,198.554
2026-01-04T20:37:00,199.506
2026-01-04T20:38:00,195.177
2026-01-04T20:39:00,192.084
2026-01-04T20:40:00,203.922
2026-01-04T20:41:00,207.346
2026-01-04T20:42:00,199.147
2026-01-04T20:43:00,192.030
2026-01-04T20:44:00,194.204
2026-01-04T20:45:00,199.305
2026-01-04T20:46:00,202.606
2026-01-04T20:47:00,192.364
2026-01-04T20:48:00,196.695
2026-01-04T20:49:00,197.953
2026-01-04T20:50:00,200.606
2026-01-04T20:51:00,195.753
2026-01-04T20:52:00,190.854
2026-01-04T20:53:00,199.577
2026-01-04T20:54:00,201.576
2026-01-04T20:55:00,196.732
2026-01-04T20:56:00,198.670
2026-01-04T20:57:00,195.140
2026-01-04T20:58:00,193.645
2026-01-04T20:59:00,201.126
2026-01-04T21:00:00,198.563
2026-01-04T21:01:00,198.969
2026-01-04T21:02:00,203.012
2026-01-04T21:03:00,192.782
2026-01-04T21:04:00,194.792
2026-01-04T21:05:00,1062.175
2026-01-04T21:06:00,194.745
2026-01-04T21:07:00,200.138
2026-01-04T21:08:00,196.261
2026-01-04T21:09:00,193.047
2026-01-04T21:10:00,197.288
2026-01-04T21:11:00,197.716
2026-01-04T21:12:00,200.784
2026-01-04T21:13:00,198.630
2026-01-04T21:14:00,198.916
2026-01-04T21:15:00,198.367
2026-01-04T21:16:00,196.350
2026-01-04T21:17:00,194.256
2026-01-04T21:18:00,198.296
2026-01-04T21:19:00,195.829
2026-01-04T21:20:00,203.943
2026-01-04T21:21:00,202.576
2026-01-04T21:22:00,199.763
2026-01-04T21:23:00,198.772
2026-01-04T21:24:00,196.934
2026-01-04T21:25:00,192.271
2026-01-04T21:26:00,196.481
2026-01-04T21:27:00,197.783
2026-01-04T21:28:00,198.328
2026-01-04T21:29:00,199.323
2026-01-04T21:30:00,201.166
2026-01-04T21:31:00,194.749
2026-01-04T21:32:00,194.823
2026-01-04T21:33:00,203.398
2026-01-04T21:34:00,200.719
2026-01-04T21:35:00,196.113
2026-01-04T21:36:00,197.290
2026-01-04T21:37:00,197.352
2026-01-04T21:38:00,197.934
2026-01-04T21:39:00,199.745
2026-01-04T21:40:00,208.041
2026-01-04T21:41:00,198.708
2026-01-04T21:42:00,200.649
2026-01-04T21:43:00,191.303
2026-01-04T21:44:00,196.160
2026-01-04T21:45:00,203.067
2026-01-04T21:46:00,199.814
2026-01-04T21:47:00,180.702
2026-01-04T21:48:00,201.010
2026-01-04T21:49:00,206.042
2026-01-04T21:50:00,190.442
2026-01-04T21:51:00,204.560
2026-01-04T21:52:00,187.452
2026-01-04T21:53:00,202.351
2026-01-04T21:54:00,198.624
2026-01-04T21:55:00,189.318
2026-01-04T21:56:00,200.563
2026-01-04T21:57:00,203.443
2026-01-04T21:58:00,200.357
2026-01-04T21:59:00,201.303
2026-01-04T22:00:00,197.380
2026-01-04T22:01:00,191.645
2026-01-04T22:02:00,201.921
2026-01-04T22:03:00,206.217
2026-01-04T22:04:00,203.801
2026-01-04T22:05:00,191.396
2026-01-04T22:06:00,193.353
2026-01-04T22:07:00,196.094
2026-01-04T22:08:00,193.172
2026-01-04T22:09:00,199.787
2026-01-04T22:10:00,201.250
2026-01-04T22:11:00,194.022
2026-01-04T22:12:00,202.918
2026-01-04T22:13:00,202.280
2026-01-04T22:14:00,197.750
2026-01-04T22:15:00,199.319
2026-01-04T22:16:00,192.276
2026-01-04T22:17:00,198.813
2026-01-04T22:18:00,200.238
2026-01-04T22:19:00,200.950
2026-01-04T22:20:00,1135.143
2026-01-04T22:21:00,201.385
2026-01-04T22:22:00,199.416
2026-01-04T22:23:00,201.684
2026-01-04T22:24:00,204.613
2026-01-04T22:25:00,200.288
2026-01-04T22:26:00,202.005
2026-01-04T22:27:00,200.054
2026-01-04T22:28:00,198.276
2026-01-04T22:29:00,203.018
2026-01-04T22:30:00,198.769
2026-01-04T22:31:00,202.597
2026-01-04T22:32:00,201.228
2026-01-04T22:33:00,199.961
2026-01-04T22:34:00,199.925
2026-01-04T22:35:00,199.265
2026-01-04T22:36:00,194.774
2026-01-04T22:37:00,202.948
2026-01-04T22:38:00,202.401
2026-01-04T22:39:00,204.932
2026-01-04T22:40:00,199.464
2026-01-04T22:41:00,209.227
2026-01-04T22:42:00,200.182
2026-01-04T22:43:00,198.255
2026-01-04T22:44:00,197.835
2026-01-04T22:45:00,194.926
2026-01-04T22:46:00,208.044
2026-01-04T22:47:00,207.449
2026-01-04T22:48:00,204.418
2026-01-04T22:49:00,198.479
2026-01-04T22:50:00,209.356
2026-01-04T22:51:00,200.751
2026-01-04T22:52:00,201.128
2026-01-04T22:53:00,207.998
2026-01-04T22:54:00,204.928
2026-01-04T22:55:00,211.139
2026-01-04T22:56:00,203.371
2026-01-04T22:57:00,200.828
2026-01-04T22:58:00,200.008
2026-01-04T22:59:00,195.105
2026-01-04T23:00:00,201.415
2026-01-04T23:01:00,207.143
2026-01-04T23:02:00,204.994
2026-01-04T23:03:00,202.712
2026-01-04T23:04:00,198.683
2026-01-04T23:05:00,203.600
2026-01-04T23:06:00,206.772
2026-01-04T23:07:00,204.472
2026-01-04T23:08:00,203.442
2026-01-04T23:09:00,199.611
2026-01-04T23:10:00,206.291
2026-01-04T23:11:00,190.317
2026-01-04T23:12:00,204.396
2026-01-04T23:13:00,213.165
2026-01-04T23:14:00,196.868
2026-01-04T23:15:00,201.952
2026-01-04T23:16:00,202.901
2026-01-04T23:17:00,201.096
2026-01-04T23:18:00,207.103
2026-01-04T23:19:00,204.858
2026-01-04T23:20:00,203.586
2026-01-04T23:21:00,206.174
2026-01-04T23:22:00,203.058
2026-01-04T23:23:00,215.715
2026-01-04T23:24:00,203.604
2026-01-04T23:25:00,203.781
2026-01-04T23:26:00,196.158
2026-01-04T23:27:00,200.825
2026-01-04T23:28:00,207.585
2026-01-04T23:29:00,197.649
2026-01-04T23:30:00,194.355
2026-01-04T23:31:00,203.107
2026-01-04T23:32:00,208.452
2026-01-04T23:33:00,203.129
2026-01-04T23:34:00,201.603
2026-01-04T23:35:00,1008.536
2026-01-04T23:36:00,204.729
2026-01-04T23:37:00,205.549
2026-01-04T23:38:00,195.759
2026-01-04T23:39:00,207.405
2026-01-04T23:40:00,205.909
2026-01-04T23:41:00,207.354
2026-01-04T23:42:00,205.136
2026-01-04T23:43:00,205.392
2026-01-04T23:44:00,204.834
2026-01-04T23:45:00,206.198
2026-01-04T23:46:00,195.421
2026-01-04T23:47:00,196.661
2026-01-04T23:48:00,199.690
2026-01-04T23:49:00,202.083
2026-01-04T23:50:00,204.121
2026-01-04T23:51:00,203.832
2026-01-04T23:52:00,206.965
2026-01-04T23:53:00,207.053
2026-01-04T23:54:00,198.931
2026-01-04T23:55:00,203.335
2026-01-04T23:56:00,198.948
2026-01-04T23:57:00,201.544
2026-01-04T23:58:00,203.540
2026-01-04T23:59:00,188.574
2026-01-05T00:00:00,211.808
2026-01-05T00:01:00,204.382
2026-01-05T00:02:00,199.686
2026-01-05T00:03:00,209.729
2026-01-05T00:04:00,200.580
2026-01-05T00:05:00,202.449
2026-01-05T00:06:00,199.919
2026-01-05T00:07:00,208.423
2026-01-05T00:08:00,201.341
2026-01-05T00:09:00,202.305
2026-01-05T00:10:00,206.467
2026-01-05T00:11:00,203.936
2026-01-05T00:12:00,201.321
2026-01-05T00:13:00,205.923
2026-01-05T00:14:00,211.577
2026-01-05T00:15:00,202.634
2026-01-05T00:16:00,201.771
2026-01-05T00:17:00,201.926
2026-01-05T00:18:00,206.425
2026-01-05T00:19:00,198.725
2026-01-05T00:20:00,199.946
2026-01-05T00:21:00,194.847
2026-01-05T00:22:00,196.198
2026-01-05T00:23:00,198.799
2026-01-05T00:24:00,1064.324
2026-01-05T00:25:00,207.818
2026-01-05T00:26:00,202.821
2026-01-05T00:27:00,196.963
2026-01-05T00:28:00,197.634
2026-01-05T00:29:00,205.979
2026-01-05T00:30:00,204.921
2026-01-05T00:31:00,200.461
2026-01-05T00:32:00,198.512
2026-01-05T00:33:00,204.715
2026-01-05T00:34:00,196.176
2026-01-05T00:35:00,201.651
2026-01-05T00:36:00,209.107
2026-01-05T00:37:00,200.771
2026-01-05T00:38:00,196.780
2026-01-05T00:39:00,201.457
2026-01-05T00:40:00,197.869
2026-01-05T00:41:00,194.107
2026-01-05T00:42:00,202.421
2026-01-05T00:43:00,204.022
2026-01-05T00:44:00,198.241
2026-01-05T00:45:00,197.911
2026-01-05T00:46:00,195.508
2026-01-05T00:47:00,198.690
2026-01-05T00:48:00,196.975
2026-01-05T00:49:00,195.116
2026-01-05T00:50:00,206.665
2026-01-05T00:51:00,200.899
2026-01-05T00:52:00,201.260
2026-01-05T00:53:00,202.442
2026-01-05T00:54:00,201.931
2026-01-05T00:55:00,197.133
2026-01-05T00:56:00,199.815
2026-01-05T00:57:00,197.588
2026-01-05T00:58:00,200.359
2026-01-05T00:59:00,199.913
2026-01-05T01:00:00,196.958
2026-01-05T01:01:00,193.114
2026-01-05T01:02:00,198.960
2026-01-05T01:03:00,197.502
2026-01-05T01:04:00,190.703
2026-01-05T01:05:00,200.241
2026-01-05T01:06:00,202.019
2026-01-05T01:07:00,208.219
2026-01-05T01:08:00,196.489
2026-01-05T01:09:00,195.849
2026-01-05T01:10:00,193.517
2026-01-05T01:11:00,198.741
2026-01-05T01:12:00,198.668
2026-01-05T01:13:00,194.568
2026-01-05T01:14:00,197.068
2026-01-05T01:15:00,189.809
2026-01-05T01:16:00,201.386
2026-01-05T01:17:00,194.557
2026-01-05T01:18:00,197.460
2026-01-05T01:19:00,191.853
2026-01-05T01:20:00,195.192
2026-01-05T01:21:00,196.366
2026-01-05T01:22:00,197.403
2026-01-05T01:23:00,199.333
2026-01-05T01:24:00,203.137
2026-01-05T01:25:00,200.280
2026-01-05T01:26:00,201.167
2026-01-05T01:27:00,203.074
2026-01-05T01:28:00,199.540
2026-01-05T01:29:00,197.088
2026-01-05T01:30:00,201.246
2026-01-05T01:31:00,201.478
2026-01-05T01:32:00,199.758
2026-01-05T01:33:00,191.324
2026-01-05T01:34:00,193.757
2026-01-05T01:35:00,196.005
2026-01-05T01:36:00,200.206
2026-01-05T01:37:00,196.987
2026-01-05T01:38:00,201.606
2026-01-05T01:39:00,202.307
2026-01-05T01:40:00,201.832
2026-01-05T01:41:00,201.848
2026-01-05T01:42:00,192.870
2026-01-05T01:43:00,198.942
2026-01-05T01:44:00,910.782
2026-01-05T01:45:00,190.406
2026-01-05T01:46:00,195.851
2026-01-05T01:47:00,202.299
2026-01-05T01:48:00,198.844
2026-01-05T01:49:00,205.074
2026-01-05T01:50:00,197.716
2026-01-05T01:51:00,206.804
2026-01-05T01:52:00,197.729
2026-01-05T01:53:00,197.117
2026-01-05T01:54:00,191.919
2026-01-05T01:55:00,201.490
2026-01-05T01:56:00,195.052
2026-01-05T01:57:00,194.487
2026-01-05T01:58:00,202.215
2026-01-05T01:59:00,201.740
2026-01-05T02:00:00,201.654
2026-01-05T02:01:00,195.697
2026-01-05T02:02:00,196.963
2026-01-05T02:03:00,196.950
2026-01-05T02:04:00,200.343
2026-01-05T02:05:00,203.453
2026-01-05T02:06:00,198.738
2026-01-05T02:07:00,205.193
2026-01-05T02:08:00,200.912
2026-01-05T02:09:00,196.415
2026-01-05T02:10:00,200.701
2026-01-05T02:11:00,204.243
2026-01-05T02:12:00,205.447
2026-01-05T02:13:00,202.237
2026-01-05T02:14:00,197.630
2026-01-05T02:15:00,196.698
2026-01-05T02:16:00,199.909
2026-01-05T02:17:00,204.341
2026-01-05T02:18:00,199.422
2026-01-05T02:19:00,199.549
2026-01-05T02:20:00,197.980
2026-01-05T02:21:00,196.508
2026-01-05T02:22:00,197.218
2026-01-05T02:23:00,198.455
2026-01-05T02:24:00,204.834
2026-01-05T02:25:00,197.052
2026-01-05T02:26:00,198.272
2026-01-05T02:27:00,194.652
2026-01-05T02:28:00,201.032
2026-01-05T02:29:00,203.685
2026-01-05T02:30:00,204.771
2026-01-05T02:31:00,199.141
2026-01-05T02:32:00,200.681
2026-01-05T02:33:00,197.826
2026-01-05T02:34:00,200.609
2026-01-05T02:35:00,199.811
2026-01-05T02:36:00,198.847
2026-01-05T02:37:00,199.225
2026-01-05T02:38:00,200.541
2026-01-05T02:39:00,197.618
2026-01-05T02:40:00,197.886
2026-01-05T02:41:00,205.747
2026-01-05T02:42:00,209.822
2026-01-05T02:43:00,194.226
2026-01-05T02:44:00,194.069
2026-01-05T02:45:00,195.342
2026-01-05T02:46:00,198.821
2026-01-05T02:47:00,202.882
2026-01-05T02:48:00,201.729
2026-01-05T02:49:00,200.118
2026-01-05T02:50:00,201.611
2026-01-05T02:51:00,196.793
2026-01-05T02:52:00,198.650
2026-01-05T02:53:00,199.613
2026-01-05T02:54:00,193.423
2026-01-05T02:55:00,195.181
2026-01-05T02:56:00,195.406
2026-01-05T02:57:00,203.016
2026-01-05T02:58:00,201.007
2026-01-05T02:59:00,202.537
2026-01-05T03:00:00,192.801
2026-01-05T03:01:00,194.292
2026-01-05T03:02:00,202.945
2026-01-05T03:03:00,189.244
2026-01-05T03:04:00,205.323
2026-01-05T03:05:00,193.197
2026-01-05T03:06:00,203.929
2026-01-05T03:07:00,197.067
2026-01-05T03:08:00,204.882
2026-01-05T03:09:00,213.584
2026-01-05T03:10:00,191.723
2026-01-05T03:11:00,203.661
2026-01-05T03:12:00,193.710
2026-01-05T03:13:00,202.713
2026-01-05T03:14:00,200.242
2026-01-05T03:15:00,201.650
2026-01-05T03:16:00,807.241
2026-01-05T03:17:00,204.375
2026-01-05T03:18:00,195.520
2026-01-05T03:19:00,206.339
2026-01-05T03:20:00,199.795
2026-01-05T03:21:00,195.879
2026-01-05T03:22:00,207.927
2026-01-05T03:23:00,201.335
2026-01-05T03:24:00,209.291
2026-01-05T03:25:00,206.601
2026-01-05T03:26:00,198.577
2026-01-05T03:27:00,201.483
2026-01-05T03:28:00,202.360
2026-01-05T03:29:00,208.032
2026-01-05T03:30:00,203.728
2026-01-05T03:31:00,202.732
2026-01-05T03:32:00,201.276
2026-01-05T03:33:00,201.921
2026-01-05T03:34:00,207.388
2026-01-05T03:35:00,202.230
2026-01-05T03:36:00,200.680
2026-01-05T03:37:00,200.045
2026-01-05T03:38:00,200.130
2026-01-05T03:39:00,196.778
2026-01-05T03:40:00,199.425
2026-01-05T03:41:00,208.458
2026-01-05T03:42:00,201.676
2026-01-05T03:43:00,205.356
2026-01-05T03:44:00,192.658
2026-01-05T03:45:00,204.880
2026-01-05T03:46:00,201.994
2026-01-05T03:47:00,200.745
2026-01-05T03:48:00,203.424
2026-01-05T03:49:00,200.745
2026-01-05T03:50:00,194.260
2026-01-05T03:51:00,206.470
2026-01-05T03:52:00,203.778
2026-01-05T03:53:00,201.573
2026-01-05T03:54:00,198.985
2026-01-05T03:55:00,196.991
2026-01-05T03:56:00,203.784
2026-01-05T03:57:00,209.360
2026-01-05T03:58:00,203.734
2026-01-05T03:59:00,197.405
2026-01-05T04:00:00,203.850
2026-01-05T04:01:00,202.747
2026-01-05T04:02:00,206.427
2026-01-05T04:03:00,205.406
2026-01-05T04:04:00,191.043
2026-01-05T04:05:00,205.173
2026-01-05T04:06:00,198.982
2026-01-05T04:07:00,197.312
2026-01-05T04:08:00,202.246
2026-01-05T04:09:00,204.644
2026-01-05T04:10:00,196.435
2026-01-05T04:11:00,205.813
2026-01-05T04:12:00,206.043
2026-01-05T04:13:00,203.172
2026-01-05T04:14:00,199.505
2026-01-05T04:15:00,199.049
2026-01-05T04:16:00,207.060
2026-01-05T04:17:00,196.899
2026-01-05T04:18:00,207.188
2026-01-05T04:19:00,202.255
2026-01-05T04:20:00,202.516
2026-01-05T04:21:00,196.049
2026-01-05T04:22:00,202.275
2026-01-05T04:23:00,205.296
2026-01-05T04:24:00,197.474
2026-01-05T04:25:00,204.790
2026-01-05T04:26:00,203.127
2026-01-05T04:27:00,200.170
2026-01-05T04:28:00,206.136
2026-01-05T04:29:00,193.879
2026-01-05T04:30:00,204.044
2026-01-05T04:31:00,209.104
2026-01-05T04:32:00,208.353
2026-01-05T04:33:00,204.118
2026-01-05T04:34:00,201.317
2026-01-05T04:35:00,199.944
2026-01-05T04:36:00,201.237
2026-01-05T04:37:00,204.585
2026-01-05T04:38:00,199.141
2026-01-05T04:39:00,205.358
2026-01-05T04:40:00,210.818
2026-01-05T04:41:00,201.994
2026-01-05T04:42:00,196.820
2026-01-05T04:43:00,196.772
2026-01-05T04:44:00,205.210
2026-01-05T04:45:00,201.817
2026-01-05T04:46:00,205.514
2026-01-05T04:47:00,199.823
2026-01-05T04:48:00,205.229
2026-01-05T04:49:00,201.221
2026-01-05T04:50:00,198.871
2026-01-05T04:51:00,200.144
2026-01-05T04:52:00,196.905
2026-01-05T04:53:00,209.595
2026-01-05T04:54:00,201.196
2026-01-05T04:55:00,204.102
2026-01-05T04:56:00,199.319
2026-01-05T04:57:00,197.200
2026-01-05T04:58:00,200.413
2026-01-05T04:59:00,205.694
2026-01-05T05:00:00,199.145
2026-01-05T05:01:00,197.685
2026-01-05T05:02:00,201.727
2026-01-05T05:03:00,203.039
2026-01-05T05:04:00,207.552
2026-01-05T05:05:00,202.332
2026-01-05T05:06:00,203.429
2026-01-05T05:07:00,203.666
2026-01-05T05:08:00,997.601
2026-01-05T05:09:00,196.807
2026-01-05T05:10:00,196.259
2026-01-05T05:11:00,195.201
2026-01-05T05:12:00,203.645
2026-01-05T05:13:00,201.558
2026-01-05T05:14:00,200.649
2026-01-05T05:15:00,189.894
2026-01-05T05:16:00,208.421
2026-01-05T05:17:00,196.555
2026-01-05T05:18:00,208.273
2026-01-05T05:19:00,194.202
2026-01-05T05:20:00,196.683
2026-01-05T05:21:00,191.054
2026-01-05T05:22:00,201.247
2026-01-05T05:23:00,195.327
2026-01-05T05:24:00,195.374
2026-01-05T05:25:00,194.110
2026-01-05T05:26:00,202.643
2026-01-05T05:27:00,202.314
2026-01-05T05:28:00,206.651
2026-01-05T05:29:00,196.595
2026-01-05T05:30:00,200.148
2026-01-05T05:31:00,194.051
2026-01-05T05:32:00,197.804
2026-01-05T05:33:00,197.005
2026-01-05T05:34:00,200.875
2026-01-05T05:35:00,203.023
2026-01-05T05:36:00,202.857
2026-01-05T05:37:00,195.459
2026-01-05T05:38:00,202.763
2026-01-05T05:39:00,198.533
2026-01-05T05:40:00,197.351
2026-01-05T05:41:00,195.756
2026-01-05T05:42:00,196.292
2026-01-05T05:43:00,205.443
2026-01-05T05:44:00,199.646
2026-01-05T05:45:00,199.059
2026-01-05T05:46:00,197.256
2026-01-05T05:47:00,208.034
2026-01-05T05:48:00,203.417
2026-01-05T05:49:00,195.260
2026-01-05T05:50:00,196.998
2026-01-05T05:51:00,197.184
2026-01-05T05:52:00,198.575
2026-01-05T05:53:00,195.137
2026-01-05T05:54:00,199.649
2026-01-05T05:55:00,203.655
2026-01-05T05:56:00,192.547
2026-01-05T05:57:00,193.244
2026-01-05T05:58:00,195.780
2026-01-05T05:59:00,195.923
2026-01-05T06:00:00,205.623
2026-01-05T06:01:00,201.595
2026-01-05T06:02:00,201.327
2026-01-05T06:03:00,196.454
2026-01-05T06:04:00,196.330
2026-01-05T06:05:00,191.633
2026-01-05T06:06:00,200.532
2026-01-05T06:07:00,199.337
2026-01-05T06:08:00,202.485
2026-01-05T06:09:00,196.468
2026-01-05T06:10:00,196.715
2026-01-05T06:11:00,197.935
2026-01-05T06:12:00,200.796
2026-01-05T06:13:00,191.323
2026-01-05T06:14:00,200.124
2026-01-05T06:15:00,197.076
2026-01-05T06:16:00,192.903
2026-01-05T06:17:00,188.780
2026-01-05T06:18:00,196.554
2026-01-05T06:19:00,202.875
2026-01-05T06:20:00,203.768
2026-01-05T06:21:00,198.477
2026-01-05T06:22:00,204.891
2026-01-05T06:23:00,196.861
2026-01-05T06:24:00,200.837
2026-01-05T06:25:00,195.211
2026-01-05T06:26:00,194.952
2026-01-05T06:27:00,194.295
2026-01-05T06:28:00,188.760
2026-01-05T06:29:00,202.149
2026-01-05T06:30:00,194.434
2026-01-05T06:31:00,193.796
2026-01-05T06:32:00,192.284
2026-01-05T06:33:00,196.191
2026-01-05T06:34:00,204.068
2026-01-05T06:35:00,205.396
2026-01-05T06:36:00,190.386
2026-01-05T06:37:00,195.622
2026-01-05T06:38:00,192.914
2026-01-05T06:39:00,201.018
2026-01-05T06:40:00,198.225
2026-01-05T06:41:00,194.548
2026-01-05T06:42:00,197.402
2026-01-05T06:43:00,195.221
2026-01-05T06:44:00,203.608
2026-01-05T06:45:00,199.360
2026-01-05T06:46:00,199.875
2026-01-05T06:47:00,186.552
2026-01-05T06:48:00,196.978
2026-01-05T06:49:00,205.605
2026-01-05T06:50:00,202.606
2026-01-05T06:51:00,189.942
2026-01-05T06:52:00,196.108
2026-01-05T06:53:00,192.588
2026-01-05T06:54:00,204.272
2026-01-05T06:55:00,198.440
2026-01-05T06:56:00,194.428
2026-01-05T06:57:00,197.673
2026-01-05T06:58:00,187.146
2026-01-05T06:59:00,193.275
2026-01-05T07:00:00,197.802
2026-01-05T07:01:00,201.081
2026-01-05T07:02:00,189.976
2026-01-05T07:03:00,196.261
2026-01-05T07:04:00,935.203
2026-01-05T07:05:00,192.072
2026-01-05T07:06:00,198.843
2026-01-05T07:07:00,198.238
2026-01-05T07:08:00,204.882
2026-01-05T07:09:00,197.154
2026-01-05T07:10:00,197.440
2026-01-05T07:11:00,201.599
2026-01-05T07:12:00,192.927
2026-01-05T07:13:00,197.403
2026-01-05T07:14:00,196.519
2026-01-05T07:15:00,197.842
2026-01-05T07:16:00,201.848
2026-01-05T07:17:00,200.729
2026-01-05T07:18:00,195.576
2026-01-05T07:19:00,199.176
2026-01-05T07:20:00,204.651
2026-01-05T07:21:00,195.424
2026-01-05T07:22:00,199.391
2026-01-05T07:23:00,198.099
2026-01-05T07:24:00,198.682
2026-01-05T07:25:00,192.474
2026-01-05T07:26:00,204.702
2026-01-05T07:27:00,196.025
2026-01-05T07:28:00,203.291
2026-01-05T07:29:00,196.766
2026-01-05T07:30:00,196.814
2026-01-05T07:31:00,204.233
2026-01-05T07:32:00,203.422
2026-01-05T07:33:00,200.347
2026-01-05T07:34:00,202.622
2026-01-05T07:35:00,198.490
2026-01-05T07:36:00,199.677
2026-01-05T07:37:00,197.130
2026-01-05T07:38:00,203.459
2026-01-05T07:39:00,197.136
2026-01-05T07:40:00,205.917
2026-01-05T07:41:00,198.780
2026-01-05T07:42:00,200.192
2026-01-05T07:43:00,203.211
2026-01-05T07:44:00,200.338
2026-01-05T07:45:00,199.118
2026-01-05T07:46:00,200.255
2026-01-05T07:47:00,918.435
2026-01-05T07:48:00,197.856
2026-01-05T07:49:00,200.068
2026-01-05T07:50:00,200.679
2026-01-05T07:51:00,204.162
2026-01-05T07:52:00,200.368
2026-01-05T07:53:00,208.065
2026-01-05T07:54:00,200.270
2026-01-05T07:55:00,200.009
2026-01-05T07:56:00,200.338
2026-01-05T07:57:00,195.818
2026-01-05T07:58:00,197.000
2026-01-05T07:59:00,199.085
2026-01-05T08:00:00,205.812
2026-01-05T08:01:00,201.196
2026-01-05T08:02:00,199.450
2026-01-05T08:03:00,206.353
2026-01-05T08:04:00,207.710
2026-01-05T08:05:00,206.584
2026-01-05T08:06:00,198.206
2026-01-05T08:07:00,199.693
2026-01-05T08:08:00,208.984
2026-01-05T08:09:00,202.748
2026-01-05T08:10:00,200.766
2026-01-05T08:11:00,204.762
2026-01-05T08:12:00,205.969
2026-01-05T08:13:00,199.705
2026-01-05T08:14:00,202.918
2026-01-05T08:15:00,205.794
2026-01-05T08:16:00,197.494
2026-01-05T08:17:00,202.231
2026-01-05T08:18:00,197.770
2026-01-05T08:19:00,198.337
2026-01-05T08:20:00,200.062
2026-01-05T08:21:00,204.265
2026-01-05T08:22:00,201.109
2026-01-05T08:23:00,199.843
2026-01-05T08:24:00,202.681
2026-01-05T08:25:00,197.924
2026-01-05T08:26:00,204.263
2026-01-05T08:27:00,207.108
2026-01-05T08:28:00,202.299
2026-01-05T08:29:00,201.837
2026-01-05T08:30:00,204.172
2026-01-05T08:31:00,793.869
2026-01-05T08:32:00,204.883
2026-01-05T08:33:00,215.170
2026-01-05T08:34:00,202.297
2026-01-05T08:35:00,202.335
2026-01-05T08:36:00,205.808
2026-01-05T08:37:00,209.437
2026-01-05T08:38:00,206.775
2026-01-05T08:39:00,194.271
2026-01-05T08:40:00,205.164
2026-01-05T08:41:00,213.213
2026-01-05T08:42:00,205.429
2026-01-05T08:43:00,198.334
2026-01-05T08:44:00,204.091
2026-01-05T08:45:00,197.850
2026-01-05T08:46:00,207.912
2026-01-05T08:47:00,199.164
2026-01-05T08:48:00,203.290
2026-01-05T08:49:00,199.566
2026-01-05T08:50:00,200.813
2026-01-05T08:51:00,208.945
2026-01-05T08:52:00,203.413
2026-01-05T08:53:00,200.760
2026-01-05T08:54:00,198.413
2026-01-05T08:55:00,195.502
2026-01-05T08:56:00,197.977
2026-01-05T08:57:00,203.422
2026-01-05T08:58:00,206.885
2026-01-05T08:59:00,200.712
2026-01-05T09:00:00,209.223
2026-01-05T09:01:00,200.057
2026-01-05T09:02:00,201.959
2026-01-05T09:03:00,198.576
2026-01-05T09:04:00,206.839
2026-01-05T09:05:00,211.247
2026-01-05T09:06:00,195.788
2026-01-05T09:07:00,201.429
2026-01-05T09:08:00,207.849
2026-01-05T09:09:00,196.976
2026-01-05T09:10:00,205.004
2026-01-05T09:11:00,207.596
2026-01-05T09:12:00,202.993
2026-01-05T09:13:00,204.851
2026-01-05T09:14:00,209.661
2026-01-05T09:15:00,210.378
2026-01-05T09:16:00,202.302
2026-01-05T09:17:00,200.385
2026-01-05T09:18:00,198.798
2026-01-05T09:19:00,206.347
2026-01-05T09:20:00,196.913
2026-01-05T09:21:00,201.349
2026-01-05T09:22:00,202.728
2026-01-05T09:23:00,200.263
2026-01-05T09:24:00,203.350
2026-01-05T09:25:00,212.444
2026-01-05T09:26:00,201.653
2026-01-05T09:27:00,200.350
2026-01-05T09:28:00,206.105
2026-01-05T09:29:00,202.953
2026-01-05T09:30:00,207.701
2026-01-05T09:31:00,202.552
2026-01-05T09:32:00,200.847
2026-01-05T09:33:00,194.653
2026-01-05T09:34:00,195.255
2026-01-05T09:35:00,194.336
2026-01-05T09:36:00,203.140
2026-01-05T09:37:00,196.118
2026-01-05T09:38:00,206.532
2026-01-05T09:39:00,201.572
2026-01-05T09:40:00,827.372
2026-01-05T09:41:00,197.958
2026-01-05T09:42:00,203.762
2026-01-05T09:43:00,197.995
2026-01-05T09:44:00,197.210
2026-01-05T09:45:00,205.843
2026-01-05T09:46:00,202.446
2026-01-05T09:47:00,200.025
2026-01-05T09:48:00,203.467
2026-01-05T09:49:00,200.873
2026-01-05T09:50:00,202.305
2026-01-05T09:51:00,197.441
2026-01-05T09:52:00,208.925
2026-01-05T09:53:00,198.260
2026-01-05T09:54:00,206.737
2026-01-05T09:55:00,199.691
2026-01-05T09:56:00,203.609
2026-01-05T09:57:00,203.251
2026-01-05T09:58:00,204.835
2026-01-05T09:59:00,196.819
2026-01-05T10:00:00,204.418
2026-01-05T10:01:00,207.434
2026-01-05T10:02:00,198.947
2026-01-05T10:03:00,200.054
2026-01-05T10:04:00,197.755
2026-01-05T10:05:00,198.396
2026-01-05T10:06:00,206.561
2026-01-05T10:07:00,195.632
2026-01-05T10:08:00,195.815
2026-01-05T10:09:00,205.961
2026-01-05T10:10:00,201.950
2026-01-05T10:11:00,207.868
2026-01-05T10:12:00,197.519
2026-01-05T10:13:00,199.761
2026-01-05T10:14:00,196.549
2026-01-05T10:15:00,199.701
2026-01-05T10:16:00,191.968
2026-01-05T10:17:00,201.741
2026-01-05T10:18:00,200.232
2026-01-05T10:19:00,198.646
2026-01-05T10:20:00,197.253
2026-01-05T10:21:00,195.175
2026-01-05T10:22:00,201.604
2026-01-05T10:23:00,193.950
2026-01-05T10:24:00,200.622
2026-01-05T10:25:00,206.814
2026-01-05T10:26:00,204.401
2026-01-05T10:27:00,192.382
2026-01-05T10:28:00,196.199
2026-01-05T10:29:00,199.977
2026-01-05T10:30:00,197.955
2026-01-05T10:31:00,192.585
2026-01-05T10:32:00,199.672
2026-01-05T10:33:00,198.039
2026-01-05T10:34:00,205.685
2026-01-05T10:35:00,196.965
2026-01-05T10:36:00,202.602
2026-01-05T10:37:00,192.814
2026-01-05T10:38:00,193.723
2026-01-05T10:39:00,200.676
2026-01-05T10:40:00,202.080
2026-01-05T10:41:00,193.872
2026-01-05T10:42:00,197.756
2026-01-05T10:43:00,192.092
2026-01-05T10:44:00,196.853
2026-01-05T10:45:00,200.887
2026-01-05T10:46:00,195.762
2026-01-05T10:47:00,196.470
2026-01-05T10:48:00,192.912
2026-01-05T10:49:00,194.803
2026-01-05T10:50:00,204.397
2026-01-05T10:51:00,197.625
2026-01-05T10:52:00,193.294
2026-01-05T10:53:00,196.016
2026-01-05T10:54:00,190.858
2026-01-05T10:55:00,193.165
2026-01-05T10:56:00,202.639
2026-01-05T10:57:00,196.604
2026-01-05T10:58:00,204.715
2026-01-05T10:59:00,196.751
2026-01-05T11:00:00,196.969
2026-01-05T11:01:00,199.660
2026-01-05T11:02:00,186.390
2026-01-05T11:03:00,197.885
2026-01-05T11:04:00,196.856
2026-01-05T11:05:00,202.985
2026-01-05T11:06:00,997.547
2026-01-05T11:07:00,192.487
2026-01-05T11:08:00,201.983
2026-01-05T11:09:00,195.959
2026-01-05T11:10:00,193.386
2026-01-05T11:11:00,197.790
2026-01-05T11:12:00,196.189
2026-01-05T11:13:00,203.154
2026-01-05T11:14:00,198.364
2026-01-05T11:15:00,197.828
2026-01-05T11:16:00,200.612
2026-01-05T11:17:00,201.387
2026-01-05T11:18:00,200.158
2026-01-05T11:19:00,202.710
2026-01-05T11:20:00,199.477
2026-01-05T11:21:00,197.725
2026-01-05T11:22:00,202.025
2026-01-05T11:23:00,196.719
2026-01-05T11:24:00,197.232
2026-01-05T11:25:00,204.003
2026-01-05T11:26:00,203.623
2026-01-05T11:27:00,197.124
2026-01-05T11:28:00,195.364
2026-01-05T11:29:00,203.054
2026-01-05T11:30:00,200.428
2026-01-05T11:31:00,198.515
2026-01-05T11:32:00,195.992
2026-01-05T11:33:00,198.635
2026-01-05T11:34:00,197.252
2026-01-05T11:35:00,194.713
2026-01-05T11:36:00,197.919
2026-01-05T11:37:00,198.499
2026-01-05T11:38:00,195.971
2026-01-05T11:39:00,201.124
2026-01-05T11:40:00,202.702
2026-01-05T11:41:00,201.465
2026-01-05T11:42:00,196.521
2026-01-05T11:43:00,200.690
2026-01-05T11:44:00,198.021
2026-01-05T11:45:00,192.810
2026-01-05T11:46:00,200.489
2026-01-05T11:47:00,198.428
2026-01-05T11:48:00,835.035
2026-01-05T11:49:00,203.767
2026-01-05T11:50:00,200.832
2026-01-05T11:51:00,199.034
2026-01-05T11:52:00,198.743
2026-01-05T11:53:00,194.125
2026-01-05T11:54:00,191.237
2026-01-05T11:55:00,194.756
2026-01-05T11:56:00,198.110
2026-01-05T11:57:00,189.934
2026-01-05T11:58:00,196.235
2026-01-05T11:59:00,197.479
2026-01-05T12:00:00,197.665
2026-01-05T12:01:00,195.938
2026-01-05T12:02:00,197.278
2026-01-05T12:03:00,205.600
2026-01-05T12:04:00,201.413
2026-01-05T12:05:00,196.585
2026-01-05T12:06:00,198.614
2026-01-05T12:07:00,198.836
2026-01-05T12:08:00,195.940
2026-01-05T12:09:00,195.999
2026-01-05T12:10:00,203.181
2026-01-05T12:11:00,197.524
2026-01-05T12:12:00,194.889
2026-01-05T12:13:00,199.160
2026-01-05T12:14:00,199.870
2026-01-05T12:15:00,191.572
2026-01-05T12:16:00,199.366
2026-01-05T12:17:00,203.067
2026-01-05T12:18:00,201.466
2026-01-05T12:19:00,208.646
2026-01-05T12:20:00,204.798
2026-01-05T12:21:00,205.656
2026-01-05T12:22:00,211.127
2026-01-05T12:23:00,203.026
2026-01-05T12:24:00,200.712
2026-01-05T12:25:00,204.022
2026-01-05T12:26:00,197.956
2026-01-05T12:27:00,200.691
2026-01-05T12:28:00,197.735
2026-01-05T12:29:00,201.984
2026-01-05T12:30:00,197.851
2026-01-05T12:31:00,197.776
2026-01-05T12:32:00,202.244
2026-01-05T12:33:00,995.262
2026-01-05T12:34:00,193.010
2026-01-05T12:35:00,194.962
2026-01-05T12:36:00,196.259
2026-01-05T12:37:00,197.380
2026-01-05T12:38:00,202.633
2026-01-05T12:39:00,201.914
2026-01-05T12:40:00,205.362
2026-01-05T12:41:00,204.174
2026-01-05T12:42:00,205.511
2026-01-05T12:43:00,203.718
2026-01-05T12:44:00,202.183
2026-01-05T12:45:00,205.801
2026-01-05T12:46:00,205.139
2026-01-05T12:47:00,203.024
2026-01-05T12:48:00,206.661
2026-01-05T12:49:00,192.250
2026-01-05T12:50:00,200.527
2026-01-05T12:51:00,200.520
2026-01-05T12:52:00,206.408
2026-01-05T12:53:00,208.136
2026-01-05T12:54:00,196.101
2026-01-05T12:55:00,207.598
2026-01-05T12:56:00,197.317
2026-01-05T12:57:00,197.488
2026-01-05T12:58:00,201.163
2026-01-05T12:59:00,200.875
2026-01-05T13:00:00,195.960
2026-01-05T13:01:00,204.838
2026-01-05T13:02:00,205.000
2026-01-05T13:03:00,206.541
2026-01-05T13:04:00,200.633
2026-01-05T13:05:00,202.249
2026-01-05T13:06:00,202.324
2026-01-05T13:07:00,209.236
2026-01-05T13:08:00,191.184
2026-01-05T13:09:00,198.729
2026-01-05T13:10:00,202.613
2026-01-05T13:11:00,198.281
2026-01-05T13:12:00,201.622
2026-01-05T13:13:00,202.181
2026-01-05T13:14:00,200.084
2026-01-05T13:15:00,886.515
2026-01-05T13:16:00,205.281
2026-01-05T13:17:00,201.849
2026-01-05T13:18:00,201.005
2026-01-05T13:19:00,202.177
2026-01-05T13:20:00,202.831
2026-01-05T13:21:00,195.918
2026-01-05T13:22:00,204.744
2026-01-05T13:23:00,201.110
2026-01-05T13:24:00,207.976
2026-01-05T13:25:00,205.307
2026-01-05T13:26:00,207.636
2026-01-05T13:27:00,198.922
2026-01-05T13:28:00,201.490
2026-01-05T13:29:00,198.013
2026-01-05T13:30:00,200.169
2026-01-05T13:31:00,208.003
2026-01-05T13:32:00,208.948
2026-01-05T13:33:00,198.407
2026-01-05T13:34:00,201.167
2026-01-05T13:35:00,202.694
2026-01-05T13:36:00,205.339
2026-01-05T13:37:00,195.953
2026-01-05T13:38:00,196.575
2026-01-05T13:39:00,204.938
2026-01-05T13:40:00,195.175
2026-01-05T13:41:00,201.174
2026-01-05T13:42:00,203.598
2026-01-05T13:43:00,204.600
2026-01-05T13:44:00,202.356
2026-01-05T13:45:00,201.444
2026-01-05T13:46:00,206.268
2026-01-05T13:47:00,204.012
2026-01-05T13:48:00,200.263
2026-01-05T13:49:00,202.981
2026-01-05T13:50:00,204.340
2026-01-05T13:51:00,209.656
2026-01-05T13:52:00,205.903
2026-01-05T13:53:00,207.589
2026-01-05T13:54:00,200.260
2026-01-05T13:55:00,200.576
2026-01-05T13:56:00,201.700
2026-01-05T13:57:00,981.256
2026-01-05T13:58:00,198.544
2026-01-05T13:59:00,207.605
2026-01-05T14:00:00,206.038
2026-01-05T14:01:00,201.245
2026-01-05T14:02:00,204.996
2026-01-05T14:03:00,203.281
2026-01-05T14:04:00,205.228
2026-01-05T14:05:00,196.929
2026-01-05T14:06:00,201.681
2026-01-05T14:07:00,201.987
2026-01-05T14:08:00,204.668
2026-01-05T14:09:00,199.613
2026-01-05T14:10:00,192.080
2026-01-05T14:11:00,197.704
2026-01-05T14:12:00,201.737
2026-01-05T14:13:00,202.187
2026-01-05T14:14:00,208.615
2026-01-05T14:15:00,204.158
2026-01-05T14:16:00,202.100
2026-01-05T14:17:00,201.590
2026-01-05T14:18:00,206.081
2026-01-05T14:19:00,199.248
2026-01-05T14:20:00,200.991
2026-01-05T14:21:00,197.138
2026-01-05T14:22:00,207.112
2026-01-05T14:23:00,202.948
2026-01-05T14:24:00,198.488
2026-01-05T14:25:00,200.800
2026-01-05T14:26:00,203.236
2026-01-05T14:27:00,200.133
2026-01-05T14:28:00,198.936
2026-01-05T14:29:00,198.394
2026-01-05T14:30:00,202.304
2026-01-05T14:31:00,199.452
2026-01-05T14:32:00,199.006
2026-01-05T14:33:00,195.412
2026-01-05T14:34:00,201.002
2026-01-05T14:35:00,199.902
2026-01-05T14:36:00,199.275
2026-01-05T14:37:00,201.291
2026-01-05T14:38:00,203.422
2026-01-05T14:39:00,203.170
2026-01-05T14:40:00,202.508
2026-01-05T14:41:00,199.268
2026-01-05T14:42:00,197.896
2026-01-05T14:43:00,195.922
2026-01-05T14:44:00,197.659
2026-01-05T14:45:00,200.043
2026-01-05T14:46:00,196.753
2026-01-05T14:47:00,200.216
2026-01-05T14:48:00,195.903
2026-01-05T14:49:00,193.054
2026-01-05T14:50:00,202.910
2026-01-05T14:51:00,197.668
2026-01-05T14:52:00,196.152
2026-01-05T14:53:00,195.059
2026-01-05T14:54:00,938.035
2026-01-05T14:55:00,204.804
2026-01-05T14:56:00,197.627
2026-01-05T14:57:00,198.313
2026-01-05T14:58:00,203.398
2026-01-05T14:59:00,191.806
2026-01-05T15:00:00,206.852
2026-01-05T15:01:00,208.699
2026-01-05T15:02:00,188.035
2026-01-05T15:03:00,198.409
2026-01-05T15:04:00,195.863
2026-01-05T15:05:00,197.619
2026-01-05T15:06:00,196.945
2026-01-05T15:07:00,201.807
2026-01-05T15:08:00,198.051
2026-01-05T15:09:00,194.801
2026-01-05T15:10:00,197.699
2026-01-05T15:11:00,200.391
2026-01-05T15:12:00,193.542
2026-01-05T15:13:00,191.638
2026-01-05T15:14:00,206.141
2026-01-05T15:15:00,195.547
2026-01-05T15:16:00,197.516
2026-01-05T15:17:00,196.424
2026-01-05T15:18:00,200.158
2026-01-05T15:19:00,205.008
2026-01-05T15:20:00,200.190
2026-01-05T15:21:00,191.750
2026-01-05T15:22:00,192.242
2026-01-05T15:23:00,196.138
2026-01-05T15:24:00,196.618
2026-01-05T15:25:00,190.761
2026-01-05T15:26:00,200.885
2026-01-05T15:27:00,193.223
2026-01-05T15:28:00,203.503
2026-01-05T15:29:00,204.775
2026-01-05T15:30:00,196.464
2026-01-05T15:31:00,199.178
2026-01-05T15:32:00,192.461
2026-01-05T15:33:00,199.851
2026-01-05T15:34:00,195.333
2026-01-05T15:35:00,192.947
2026-01-05T15:36:00,964.750
2026-01-05T15:37:00,195.378
2026-01-05T15:38:00,195.915
2026-01-05T15:39:00,200.990
2026-01-05T15:40:00,194.027
2026-01-05T15:41:00,204.087
2026-01-05T15:42:00,191.827
2026-01-05T15:43:00,203.570
2026-01-05T15:44:00,193.026
2026-01-05T15:45:00,197.072
2026-01-05T15:46:00,195.101
2026-01-05T15:47:00,195.674
2026-01-05T15:48:00,200.243
2026-01-05T15:49:00,203.027
2026-01-05T15:50:00,201.782
2026-01-05T15:51:00,195.393
2026-01-05T15:52:00,197.744
2026-01-05T15:53:00,193.875
2026-01-05T15:54:00,193.035
2026-01-05T15:55:00,192.415
2026-01-05T15:56:00,195.250
2026-01-05T15:57:00,198.001
2026-01-05T15:58:00,189.359
2026-01-05T15:59:00,196.826
2026-01-05T16:00:00,203.081
2026-01-05T16:01:00,201.513
2026-01-05T16:02:00,194.694
2026-01-05T16:03:00,191.458
2026-01-05T16:04:00,198.897
2026-01-05T16:05:00,187.802
2026-01-05T16:06:00,201.527
2026-01-05T16:07:00,196.249
2026-01-05T16:08:00,204.447
2026-01-05T16:09:00,190.233
2026-01-05T16:10:00,200.834
2026-01-05T16:11:00,196.782
2026-01-05T16:12:00,195.884
2026-01-05T16:13:00,191.753
2026-01-05T16:14:00,199.642
2026-01-05T16:15:00,199.992
2026-01-05T16:16:00,204.457
2026-01-05T16:17:00,201.379
2026-01-05T16:18:00,195.003
2026-01-05T16:19:00,193.396
2026-01-05T16:20:00,191.972
2026-01-05T16:21:00,203.374
2026-01-05T16:22:00,194.406
2026-01-05T16:23:00,203.477
2026-01-05T16:24:00,199.696
2026-01-05T16:25:00,932.088
2026-01-05T16:26:00,196.450
2026-01-05T16:27:00,200.363
2026-01-05T16:28:00,197.702
2026-01-05T16:29:00,196.332
2026-01-05T16:30:00,200.639
2026-01-05T16:31:00,197.327
2026-01-05T16:32:00,194.757
2026-01-05T16:33:00,200.399
2026-01-05T16:34:00,197.794
2026-01-05T16:35:00,200.057
2026-01-05T16:36:00,196.338
2026-01-05T16:37:00,193.370
2026-01-05T16:38:00,205.200
2026-01-05T16:39:00,204.501
2026-01-05T16:40:00,201.906
2026-01-05T16:41:00,196.876
2026-01-05T16:42:00,197.283
2026-01-05T16:43:00,204.071
2026-01-05T16:44:00,197.185
2026-01-05T16:45:00,196.130
2026-01-05T16:46:00,206.209
2026-01-05T16:47:00,198.590
2026-01-05T16:48:00,205.915
2026-01-05T16:49:00,193.310
2026-01-05T16:50:00,201.038
2026-01-05T16:51:00,207.313
2026-01-05T16:52:00,199.211
2026-01-05T16:53:00,198.100
2026-01-05T16:54:00,194.549
2026-01-05T16:55:00,203.614
2026-01-05T16:56:00,196.269
2026-01-05T16:57:00,199.035
2026-01-05T16:58:00,194.542
2026-01-05T16:59:00,205.773
2026-01-05T17:00:00,204.231
2026-01-05T17:01:00,199.552
2026-01-05T17:02:00,195.128
2026-01-05T17:03:00,205.954
2026-01-05T17:04:00,198.414
2026-01-05T17:05:00,195.523
2026-01-05T17:06:00,192.962
2026-01-05T17:07:00,197.493
2026-01-05T17:08:00,194.325
2026-01-05T17:09:00,197.719
2026-01-05T17:10:00,203.255
2026-01-05T17:11:00,198.842
2026-01-05T17:12:00,201.832
2026-01-05T17:13:00,197.582
2026-01-05T17:14:00,200.802
2026-01-05T17:15:00,208.290
2026-01-05T17:16:00,199.278
2026-01-05T17:17:00,202.274
2026-01-05T17:18:00,194.539
2026-01-05T17:19:00,206.945
2026-01-05T17:20:00,199.020
2026-01-05T17:21:00,205.194
2026-01-05T17:22:00,200.562
2026-01-05T17:23:00,203.563
2026-01-05T17:24:00,203.862
2026-01-05T17:25:00,199.429
2026-01-05T17:26:00,205.667
2026-01-05T17:27:00,198.323
2026-01-05T17:28:00,204.530
2026-01-05T17:29:00,199.916
2026-01-05T17:30:00,202.933
2026-01-05T17:31:00,199.743
2026-01-05T17:32:00,201.847
2026-01-05T17:33:00,197.404
2026-01-05T17:34:00,202.747
2026-01-05T17:35:00,201.988
2026-01-05T17:36:00,199.703
2026-01-05T17:37:00,201.695
2026-01-05T17:38:00,202.502
2026-01-05T17:39:00,199.551
2026-01-05T17:40:00,201.550
2026-01-05T17:41:00,198.090
2026-01-05T17:42:00,211.542
2026-01-05T17:43:00,206.442
2026-01-05T17:44:00,203.342
2026-01-05T17:45:00,206.982
2026-01-05T17:46:00,194.419
2026-01-05T17:47:00,192.146
2026-01-05T17:48:00,200.820
2026-01-05T17:49:00,196.942
2026-01-05T17:50:00,201.547
2026-01-05T17:51:00,203.353
2026-01-05T17:52:00,206.247
2026-01-05T17:53:00,198.046
2026-01-05T17:54:00,204.230
2026-01-05T17:55:00,202.721
2026-01-05T17:56:00,204.083
2026-01-05T17:57:00,200.643
2026-01-05T17:58:00,208.282
2026-01-05T17:59:00,202.361
2026-01-05T18:00:00,209.897
2026-01-05T18:01:00,199.662
2026-01-05T18:02:00,205.816
2026-01-05T18:03:00,202.627
2026-01-05T18:04:00,201.574
2026-01-05T18:05:00,205.431
2026-01-05T18:06:00,201.722
2026-01-05T18:07:00,192.285
2026-01-05T18:08:00,910.080
2026-01-05T18:09:00,208.048
2026-01-05T18:10:00,207.890
2026-01-05T18:11:00,210.527
2026-01-05T18:12:00,202.915
2026-01-05T18:13:00,197.820
2026-01-05T18:14:00,201.317
2026-01-05T18:15:00,203.044
2026-01-05T18:16:00,198.972
2026-01-05T18:17:00,209.594
2026-01-05T18:18:00,211.956
2026-01-05T18:19:00,204.909
2026-01-05T18:20:00,202.948
2026-01-05T18:21:00,197.805
2026-01-05T18:22:00,209.164
2026-01-05T18:23:00,203.274
2026-01-05T18:24:00,201.802
2026-01-05T18:25:00,204.872
2026-01-05T18:26:00,200.591
2026-01-05T18:27:00,203.507
2026-01-05T18:28:00,197.133
2026-01-05T18:29:00,207.234
2026-01-05T18:30:00,202.449
2026-01-05T18:31:00,207.481
2026-01-05T18:32:00,202.020
2026-01-05T18:33:00,202.256
2026-01-05T18:34:00,197.927
2026-01-05T18:35:00,205.790
2026-01-05T18:36:00,199.220
2026-01-05T18:37:00,200.749
2026-01-05T18:38:00,202.669
2026-01-05T18:39:00,203.118
2026-01-05T18:40:00,195.777
2026-01-05T18:41:00,201.644
2026-01-05T18:42:00,205.713
2026-01-05T18:43:00,200.982
2026-01-05T18:44:00,201.559
2026-01-05T18:45:00,203.069
2026-01-05T18:46:00,201.875
2026-01-05T18:47:00,198.216
2026-01-05T18:48:00,202.150
2026-01-05T18:49:00,206.228
2026-01-05T18:50:00,198.003
2026-01-05T18:51:00,200.664
2026-01-05T18:52:00,196.589
2026-01-05T18:53:00,205.833
2026-01-05T18:54:00,201.649
2026-01-05T18:55:00,198.568
2026-01-05T18:56:00,202.287
2026-01-05T18:57:00,197.052
2026-01-05T18:58:00,197.680
2026-01-05T18:59:00,195.919
2026-01-05T19:00:00,197.438
2026-01-05T19:01:00,207.080
2026-01-05T19:02:00,198.662
2026-01-05T19:03:00,203.402
2026-01-05T19:04:00,198.135
2026-01-05T19:05:00,204.460
2026-01-05T19:06:00,197.258
2026-01-05T19:07:00,201.460
2026-01-05T19:08:00,201.454
2026-01-05T19:09:00,210.492
2026-01-05T19:10:00,203.641
2026-01-05T19:11:00,198.686
2026-01-05T19:12:00,203.735
2026-01-05T19:13:00,209.484
2026-01-05T19:14:00,194.350
2026-01-05T19:15:00,197.434
2026-01-05T19:16:00,199.792
2026-01-05T19:17:00,199.007
2026-01-05T19:18:00,199.279
2026-01-05T19:19:00,195.327
2026-01-05T19:20:00,206.095
2026-01-05T19:21:00,194.722
2026-01-05T19:22:00,199.546
2026-01-05T19:23:00,204.464
2026-01-05T19:24:00,200.093
2026-01-05T19:25:00,196.230
2026-01-05T19:26:00,194.686
2026-01-05T19:27:00,199.094
2026-01-05T19:28:00,196.919
2026-01-05T19:29:00,200.702
2026-01-05T19:30:00,194.208
2026-01-05T19:31:00,203.000
2026-01-05T19:32:00,200.144
2026-01-05T19:33:00,200.375
2026-01-05T19:34:00,205.313
2026-01-05T19:35:00,197.732
2026-01-05T19:36:00,196.515
2026-01-05T19:37:00,197.162
2026-01-05T19:38:00,198.518
2026-01-05T19:39:00,198.859
2026-01-05T19:40:00,195.836
2026-01-05T19:41:00,191.003
2026-01-05T19:42:00,196.788
2026-01-05T19:43:00,200.408
2026-01-05T19:44:00,199.452
2026-01-05T19:45:00,203.643
2026-01-05T19:46:00,206.605
2026-01-05T19:47:00,201.760
2026-01-05T19:48:00,204.193
2026-01-05T19:49:00,201.671
2026-01-05T19:50:00,205.384
2026-01-05T19:51:00,205.890
2026-01-05T19:52:00,202.234
2026-01-05T19:53:00,201.199
2026-01-05T19:54:00,197.497
2026-01-05T19:55:00,198.098
2026-01-05T19:56:00,196.858
2026-01-05T19:57:00,200.641
2026-01-05T19:58:00,195.222
2026-01-05T19:59:00,197.288
2026-01-05T20:00:00,188.582
2026-01-05T20:01:00,204.846
2026-01-05T20:02:00,197.023
2026-01-05T20:03:00,199.680
2026-01-05T20:04:00,203.643
2026-01-05T20:05:00,198.968
2026-01-05T20:06:00,203.500
2026-01-05T20:07:00,192.713
2026-01-05T20:08:00,207.228
2026-01-05T20:09:00,201.946
2026-01-05T20:10:00,198.395
2026-01-05T20:11:00,203.220
2026-01-05T20:12:00,192.809
2026-01-05T20:13:00,196.293
2026-01-05T20:14:00,203.190
2026-01-05T20:15:00,189.912
2026-01-05T20:16:00,199.590
2026-01-05T20:17:00,199.446
2026-01-05T20:18:00,205.165
2026-01-05T20:19:00,190.929
2026-01-05T20:20:00,203.673
2026-01-05T20:21:00,194.971
2026-01-05T20:22:00,195.397
2026-01-05T20:23:00,192.275
2026-01-05T20:24:00,192.791
2026-01-05T20:25:00,198.736
2026-01-05T20:26:00,192.655
2026-01-05T20:27:00,200.049
2026-01-05T20:28:00,194.420
2026-01-05T20:29:00,192.206
2026-01-05T20:30:00,194.935
2026-01-05T20:31:00,198.382
2026-01-05T20:32:00,195.916
2026-01-05T20:33:00,197.155
2026-01-05T20:34:00,199.796
2026-01-05T20:35:00,201.336
2026-01-05T20:36:00,195.762
2026-01-05T20:37:00,192.824
2026-01-05T20:38:00,197.304
2026-01-05T20:39:00,198.883
2026-01-05T20:40:00,191.160
2026-01-05T20:41:00,193.445
2026-01-05T20:42:00,194.136
2026-01-05T20:43:00,196.188
2026-01-05T20:44:00,193.983
2026-01-05T20:45:00,199.865
2026-01-05T20:46:00,190.628
2026-01-05T20:47:00,190.742
2026-01-05T20:48:00,195.740
2026-01-05T20:49:00,196.388
2026-01-05T20:50:00,191.289
2026-01-05T20:51:00,194.699
2026-01-05T20:52:00,195.542
2026-01-05T20:53:00,195.594
2026-01-05T20:54:00,197.798
2026-01-05T20:55:00,194.568
2026-01-05T20:56:00,203.151
2026-01-05T20:57:00,199.219
2026-01-05T20:58:00,194.066
2026-01-05T20:59:00,197.702
2026-01-05T21:00:00,197.851
2026-01-05T21:01:00,202.246
2026-01-05T21:02:00,195.019
2026-01-05T21:03:00,200.524
2026-01-05T21:04:00,197.658
2026-01-05T21:05:00,203.494
2026-01-05T21:06:00,202.730
2026-01-05T21:07:00,198.394
2026-01-05T21:08:00,846.237
2026-01-05T21:09:00,199.715
2026-01-05T21:10:00,197.010
2026-01-05T21:11:00,204.497
2026-01-05T21:12:00,198.135
2026-01-05T21:13:00,196.245
2026-01-05T21:14:00,196.076
2026-01-05T21:15:00,193.111
2026-01-05T21:16:00,200.239
2026-01-05T21:17:00,194.783
2026-01-05T21:18:00,202.507
2026-01-05T21:19:00,192.995
2026-01-05T21:20:00,198.729
2026-01-05T21:21:00,202.875
2026-01-05T21:22:00,189.720
2026-01-05T21:23:00,206.458
2026-01-05T21:24:00,196.740
2026-01-05T21:25:00,199.063
2026-01-05T21:26:00,200.843
2026-01-05T21:27:00,201.520
2026-01-05T21:28:00,199.771
2026-01-05T21:29:00,202.725
2026-01-05T21:30:00,200.872
2026-01-05T21:31:00,205.901
2026-01-05T21:32:00,201.009
2026-01-05T21:33:00,206.840
2026-01-05T21:34:00,202.649
2026-01-05T21:35:00,191.885
2026-01-05T21:36:00,209.616
2026-01-05T21:37:00,196.939
2026-01-05T21:38:00,205.283
2026-01-05T21:39:00,199.473
2026-01-05T21:40:00,203.676
2026-01-05T21:41:00,196.743
2026-01-05T21:42:00,202.066
2026-01-05T21:43:00,198.616
2026-01-05T21:44:00,206.011
2026-01-05T21:45:00,201.516
2026-01-05T21:46:00,203.572
2026-01-05T21:47:00,191.238
2026-01-05T21:48:00,199.619
2026-01-05T21:49:00,201.670
2026-01-05T21:50:00,200.989
2026-01-05T21:51:00,204.006
2026-01-05T21:52:00,198.764
2026-01-05T21:53:00,200.489
2026-01-05T21:54:00,205.085
2026-01-05T21:55:00,191.312
2026-01-05T21:56:00,202.850
2026-01-05T21:57:00,199.222
2026-01-05T21:58:00,196.974
2026-01-05T21:59:00,202.034
2026-01-05T22:00:00,205.663
2026-01-05T22:01:00,204.974
2026-01-05T22:02:00,200.341
2026-01-05T22:03:00,204.448
2026-01-05T22:04:00,204.480
2026-01-05T22:05:00,200.721
2026-01-05T22:06:00,198.360
2026-01-05T22:07:00,198.653
2026-01-05T22:08:00,204.606
2026-01-05T22:09:00,201.146
2026-01-05T22:10:00,197.190
2026-01-05T22:11:00,194.694
2026-01-05T22:12:00,204.819
2026-01-05T22:13:00,199.362
2026-01-05T22:14:00,202.927
2026-01-05T22:15:00,206.621
2026-01-05T22:16:00,196.481
2026-01-05T22:17:00,201.590
2026-01-05T22:18:00,201.142
2026-01-05T22:19:00,203.396
2026-01-05T22:20:00,206.885
2026-01-05T22:21:00,196.661
2026-01-05T22:22:00,204.308
2026-01-05T22:23:00,206.203
2026-01-05T22:24:00,201.379
2026-01-05T22:25:00,201.622
2026-01-05T22:26:00,203.891
2026-01-05T22:27:00,203.640
2026-01-05T22:28:00,204.634
2026-01-05T22:29:00,204.592
2026-01-05T22:30:00,198.460
2026-01-05T22:31:00,206.388
2026-01-05T22:32:00,207.133
2026-01-05T22:33:00,203.248
2026-01-05T22:34:00,821.041
2026-01-05T22:35:00,202.115
2026-01-05T22:36:00,203.385
2026-01-05T22:37:00,198.062
2026-01-05T22:38:00,201.231
2026-01-05T22:39:00,197.063
2026-01-05T22:40:00,205.158
2026-01-05T22:41:00,203.420
2026-01-05T22:42:00,196.199
2026-01-05T22:43:00,204.212
2026-01-05T22:44:00,202.603
2026-01-05T22:45:00,204.916
2026-01-05T22:46:00,201.304
2026-01-05T22:47:00,199.683
2026-01-05T22:48:00,199.823
2026-01-05T22:49:00,200.770
2026-01-05T22:50:00,203.012
2026-01-05T22:51:00,203.541
2026-01-05T22:52:00,202.198
2026-01-05T22:53:00,201.278
2026-01-05T22:54:00,201.574
2026-01-05T22:55:00,213.017
2026-01-05T22:56:00,199.909
2026-01-05T22:57:00,200.764
2026-01-05T22:58:00,216.174
2026-01-05T22:59:00,204.684
2026-01-05T23:00:00,197.480
2026-01-05T23:01:00,206.369
2026-01-05T23:02:00,199.354
2026-01-05T23:03:00,206.626
2026-01-05T23:04:00,202.140
2026-01-05T23:05:00,201.217
2026-01-05T23:06:00,209.403
2026-01-05T23:07:00,205.221
2026-01-05T23:08:00,206.836
2026-01-05T23:09:00,204.670
2026-01-05T23:10:00,201.137
2026-01-05T23:11:00,205.344
2026-01-05T23:12:00,207.718
2026-01-05T23:13:00,203.400
2026-01-05T23:14:00,210.047
2026-01-05T23:15:00,206.221
2026-01-05T23:16:00,203.643
2026-01-05T23:17:00,203.776
2026-01-05T23:18:00,203.293
2026-01-05T23:19:00,197.711
2026-01-05T23:20:00,202.327
2026-01-05T23:21:00,203.542
2026-01-05T23:22:00,200.961
2026-01-05T23:23:00,203.943
2026-01-05T23:24:00,202.643
2026-01-05T23:25:00,205.618
2026-01-05T23:26:00,205.139
2026-01-05T23:27:00,203.117
2026-01-05T23:28:00,196.940
2026-01-05T23:29:00,209.532
2026-01-05T23:30:00,201.760
2026-01-05T23:31:00,201.961
2026-01-05T23:32:00,200.871
2026-01-05T23:33:00,200.242
2026-01-05T23:34:00,208.326
2026-01-05T23:35:00,207.647
2026-01-05T23:36:00,203.832
2026-01-05T23:37:00,201.576
2026-01-05T23:38:00,204.432
2026-01-05T23:39:00,202.200
2026-01-05T23:40:00,201.092
2026-01-05T23:41:00,203.152
2026-01-05T23:42:00,199.981
2026-01-05T23:43:00,202.701
2026-01-05T23:44:00,202.453
2026-01-05T23:45:00,203.991
2026-01-05T23:46:00,199.046
2026-01-05T23:47:00,204.305
2026-01-05T23:48:00,197.781
2026-01-05T23:49:00,199.057
2026-01-05T23:50:00,199.171
2026-01-05T23:51:00,196.938
2026-01-05T23:52:00,205.228
2026-01-05T23:53:00,197.228
2026-01-05T23:54:00,1074.057
2026-01-05T23:55:00,206.000
2026-01-05T23:56:00,198.633
2026-01-05T23:57:00,200.099
2026-01-05T23:58:00,196.740
2026-01-05T23:59:00,204.055
2026-01-06T00:00:00,204.045
2026-01-06T00:01:00,203.549
2026-01-06T00:02:00,202.678
2026-01-06T00:03:00,200.756
2026-01-06T00:04:00,198.298
2026-01-06T00:05:00,197.070
2026-01-06T00:06:00,205.423
2026-01-06T00:07:00,203.256
2026-01-06T00:08:00,197.357
2026-01-06T00:09:00,200.223
2026-01-06T00:10:00,198.797
2026-01-06T00:11:00,195.418
2026-01-06T00:12:00,200.574
2026-01-06T00:13:00,198.135
2026-01-06T00:14:00,195.921
2026-01-06T00:15:00,193.748
2026-01-06T00:16:00,193.343
2026-01-06T00:17:00,198.047
2026-01-06T00:18:00,199.126
2026-01-06T00:19:00,195.900
2026-01-06T00:20:00,201.939
2026-01-06T00:21:00,199.009
2026-01-06T00:22:00,201.514
2026-01-06T00:23:00,198.411
2026-01-06T00:24:00,195.930
2026-01-06T00:25:00,199.472
2026-01-06T00:26:00,193.902
2026-01-06T00:27:00,201.048
2026-01-06T00:28:00,195.080
2026-01-06T00:29:00,202.441
2026-01-06T00:30:00,197.354
2026-01-06T00:31:00,202.898
2026-01-06T00:32:00,194.098
2026-01-06T00:33:00,195.819
2026-01-06T00:34:00,199.996
2026-01-06T00:35:00,203.097
2026-01-06T00:36:00,205.025
2026-01-06T00:37:00,198.469
2026-01-06T00:38:00,949.708
2026-01-06T00:39:00,197.037
2026-01-06T00:40:00,202.538
2026-01-06T00:41:00,194.322
2026-01-06T00:42:00,199.721
2026-01-06T00:43:00,188.623
2026-01-06T00:44:00,193.454
2026-01-06T00:45:00,199.759
2026-01-06T00:46:00,192.596
2026-01-06T00:47:00,199.508
2026-01-06T00:48:00,201.381
2026-01-06T00:49:00,195.706
2026-01-06T00:50:00,193.793
2026-01-06T00:51:00,195.731
2026-01-06T00:52:00,193.724
2026-01-06T00:53:00,197.144
2026-01-06T00:54:00,197.919
2026-01-06T00:55:00,196.250
2026-01-06T00:56:00,204.136
2026-01-06T00:57:00,194.527
2026-01-06T00:58:00,202.938
2026-01-06T00:59:00,193.175
2026-01-06T01:00:00,197.601
2026-01-06T01:01:00,202.014
2026-01-06T01:02:00,201.779
2026-01-06T01:03:00,195.547
2026-01-06T01:04:00,199.423
2026-01-06T01:05:00,198.864
2026-01-06T01:06:00,194.998
2026-01-06T01:07:00,199.601
2026-01-06T01:08:00,204.568
2026-01-06T01:09:00,198.987
2026-01-06T01:10:00,199.349
2026-01-06T01:11:00,199.757
2026-01-06T01:12:00,191.211
2026-01-06T01:13:00,198.884
2026-01-06T01:14:00,192.966
2026-01-06T01:15:00,194.664
2026-01-06T01:16:00,205.664
2026-01-06T01:17:00,195.997
2026-01-06T01:18:00,194.044
2026-01-06T01:19:00,201.612
2026-01-06T01:20:00,193.210
2026-01-06T01:21:00,195.210
2026-01-06T01:22:00,201.998
2026-01-06T01:23:00,197.175
2026-01-06T01:24:00,190.762
2026-01-06T01:25:00,199.190
2026-01-06T01:26:00,195.435
2026-01-06T01:27:00,203.189
2026-01-06T01:28:00,194.615
2026-01-06T01:29:00,201.257
2026-01-06T01:30:00,204.167
2026-01-06T01:31:00,193.675
2026-01-06T01:32:00,196.322
2026-01-06T01:33:00,198.667
2026-01-06T01:34:00,193.702
2026-01-06T01:35:00,198.233
2026-01-06T01:36:00,196.273
2026-01-06T01:37:00,196.216
2026-01-06T01:38:00,842.550
2026-01-06T01:39:00,197.531
2026-01-06T01:40:00,197.929
2026-01-06T01:41:00,194.907
2026-01-06T01:42:00,195.111
2026-01-06T01:43:00,196.888
2026-01-06T01:44:00,197.216
2026-01-06T01:45:00,195.674
2026-01-06T01:46:00,198.760
2026-01-06T01:47:00,190.241
2026-01-06T01:48:00,194.616
2026-01-06T01:49:00,196.457
2026-01-06T01:50:00,194.192
2026-01-06T01:51:00,204.174
2026-01-06T01:52:00,197.775
2026-01-06T01:53:00,198.450
2026-01-06T01:54:00,195.854
2026-01-06T01:55:00,197.770
2026-01-06T01:56:00,193.018
2026-01-06T01:57:00,197.248
2026-01-06T01:58:00,194.228
2026-01-06T01:59:00,196.916
2026-01-06T02:00:00,187.837
2026-01-06T02:01:00,193.616
2026-01-06T02:02:00,204.036
2026-01-06T02:03:00,201.555
2026-01-06T02:04:00,203.564
2026-01-06T02:05:00,203.894
2026-01-06T02:06:00,201.091
2026-01-06T02:07:00,196.645
2026-01-06T02:08:00,194.365
2026-01-06T02:09:00,203.159
2026-01-06T02:10:00,198.889
2026-01-06T02:11:00,208.667
2026-01-06T02:12:00,197.290
2026-01-06T02:13:00,206.703
2026-01-06T02:14:00,198.246
2026-01-06T02:15:00,204.279
2026-01-06T02:16:00,205.785
2026-01-06T02:17:00,194.969
2026-01-06T02:18:00,197.184
2026-01-06T02:19:00,195.057
2026-01-06T02:20:00,194.333
2026-01-06T02:21:00,201.986
2026-01-06T02:22:00,198.596
2026-01-06T02:23:00,199.658
2026-01-06T02:24:00,201.739
2026-01-06T02:25:00,192.150
2026-01-06T02:26:00,204.793
2026-01-06T02:27:00,198.316
2026-01-06T02:28:00,201.908
2026-01-06T02:29:00,202.328
2026-01-06T02:30:00,205.395
2026-01-06T02:31:00,199.559
2026-01-06T02:32:00,191.550
2026-01-06T02:33:00,200.340
2026-01-06T02:34:00,200.981
2026-01-06T02:35:00,196.108
2026-01-06T02:36:00,200.901
2026-01-06T02:37:00,198.933
2026-01-06T02:38:00,195.072
2026-01-06T02:39:00,203.195
2026-01-06T02:40:00,198.320
2026-01-06T02:41:00,199.014
2026-01-06T02:42:00,198.855
2026-01-06T02:43:00,205.711
2026-01-06T02:44:00,200.670
2026-01-06T02:45:00,201.214
2026-01-06T02:46:00,199.198
2026-01-06T02:47:00,868.193
2026-01-06T02:48:00,206.484
2026-01-06T02:49:00,203.740
2026-01-06T02:50:00,203.957
2026-01-06T02:51:00,203.695
2026-01-06T02:52:00,195.809
2026-01-06T02:53:00,197.885
2026-01-06T02:54:00,200.628
2026-01-06T02:55:00,198.603
2026-01-06T02:56:00,197.306
2026-01-06T02:57:00,194.131
2026-01-06T02:58:00,196.290
2026-01-06T02:59:00,200.705
2026-01-06T03:00:00,201.507
2026-01-06T03:01:00,198.666
2026-01-06T03:02:00,202.206
2026-01-06T03:03:00,200.206
2026-01-06T03:04:00,206.354
2026-01-06T03:05:00,201.395
2026-01-06T03:06:00,204.875
2026-01-06T03:07:00,202.950
2026-01-06T03:08:00,196.575
2026-01-06T03:09:00,201.866
2026-01-06T03:10:00,197.330
2026-01-06T03:11:00,201.883
2026-01-06T03:12:00,199.377
2026-01-06T03:13:00,203.926
2026-01-06T03:14:00,197.068
2026-01-06T03:15:00,202.534
2026-01-06T03:16:00,204.802
2026-01-06T03:17:00,206.179
2026-01-06T03:18:00,199.526
2026-01-06T03:19:00,202.687
2026-01-06T03:20:00,203.385
2026-01-06T03:21:00,208.867
2026-01-06T03:22:00,196.783
2026-01-06T03:23:00,199.092
2026-01-06T03:24:00,213.981
2026-01-06T03:25:00,201.696
2026-01-06T03:26:00,195.248
2026-01-06T03:27:00,200.504
2026-01-06T03:28:00,191.780
2026-01-06T03:29:00,203.839
2026-01-06T03:30:00,206.133
2026-01-06T03:31:00,199.264
2026-01-06T03:32:00,201.043
2026-01-06T03:33:00,206.635
2026-01-06T03:34:00,195.952
2026-01-06T03:35:00,197.677
2026-01-06T03:36:00,202.061
2026-01-06T03:37:00,199.972
2026-01-06T03:38:00,201.813
2026-01-06T03:39:00,197.938
2026-01-06T03:40:00,203.854
2026-01-06T03:41:00,202.402
2026-01-06T03:42:00,205.197
2026-01-06T03:43:00,203.801
2026-01-06T03:44:00,203.824
2026-01-06T03:45:00,197.208
2026-01-06T03:46:00,204.959
2026-01-06T03:47:00,201.658
2026-01-06T03:48:00,202.307
2026-01-06T03:49:00,207.157
2026-01-06T03:50:00,200.075
2026-01-06T03:51:00,208.345
2026-01-06T03:52:00,208.704
2026-01-06T03:53:00,205.922
2026-01-06T03:54:00,198.972
2026-01-06T03:55:00,1128.811
2026-01-06T03:56:00,207.172
2026-01-06T03:57:00,203.281
2026-01-06T03:58:00,199.832
2026-01-06T03:59:00,207.483
2026-01-06T04:00:00,199.317
2026-01-06T04:01:00,201.040
2026-01-06T04:02:00,204.808
2026-01-06T04:03:00,198.225
2026-01-06T04:04:00,202.211
2026-01-06T04:05:00,206.974
2026-01-06T04:06:00,203.428
2026-01-06T04:07:00,207.539
2026-01-06T04:08:00,207.048
2026-01-06T04:09:00,202.507
2026-01-06T04:10:00,193.091
2026-01-06T04:11:00,197.976
2026-01-06T04:12:00,205.412
2026-01-06T04:13:00,196.115
2026-01-06T04:14:00,200.967
2026-01-06T04:15:00,203.583
2026-01-06T04:16:00,208.063
2026-01-06T04:17:00,199.838
2026-01-06T04:18:00,199.517
2026-01-06T04:19:00,201.833
2026-01-06T04:20:00,203.397
2026-01-06T04:21:00,201.326
2026-01-06T04:22:00,206.089
2026-01-06T04:23:00,198.643
2026-01-06T04:24:00,202.267
2026-01-06T04:25:00,203.513
2026-01-06T04:26:00,200.076
2026-01-06T04:27:00,204.980
2026-01-06T04:28:00,202.161
2026-01-06T04:29:00,204.663
2026-01-06T04:30:00,202.226
2026-01-06T04:31:00,202.897
2026-01-06T04:32:00,198.802
2026-01-06T04:33:00,198.749
2026-01-06T04:34:00,206.109
2026-01-06T04:35:00,203.692
2026-01-06T04:36:00,196.996
2026-01-06T04:37:00,201.749
2026-01-06T04:38:00,191.467
2026-01-06T04:39:00,198.603
2026-01-06T04:40:00,204.679
2026-01-06T04:41:00,200.271
2026-01-06T04:42:00,201.178
2026-01-06T04:43:00,188.576
2026-01-06T04:44:00,199.007
2026-01-06T04:45:00,201.864
2026-01-06T04:46:00,202.306
2026-01-06T04:47:00,204.228
2026-01-06T04:48:00,199.472
2026-01-06T04:49:00,199.584
2026-01-06T04:50:00,194.851
2026-01-06T04:51:00,199.295
2026-01-06T04:52:00,195.000
2026-01-06T04:53:00,192.588
2026-01-06T04:54:00,195.573
2026-01-06T04:55:00,205.881
2026-01-06T04:56:00,198.698
2026-01-06T04:57:00,200.593
2026-01-06T04:58:00,197.593
2026-01-06T04:59:00,846.418
2026-01-06T05:00:00,203.260
2026-01-06T05:01:00,190.761
2026-01-06T05:02:00,197.165
2026-01-06T05:03:00,199.101
2026-01-06T05:04:00,200.176
2026-01-06T05:05:00,196.284
2026-01-06T05:06:00,191.774
2026-01-06T05:07:00,195.858
2026-01-06T05:08:00,196.004
2026-01-06T05:09:00,195.844
2026-01-06T05:10:00,202.755
2026-01-06T05:11:00,193.959
2026-01-06T05:12:00,199.956
2026-01-06T05:13:00,199.325
2026-01-06T05:14:00,202.474
2026-01-06T05:15:00,198.041
2026-01-06T05:16:00,201.680
2026-01-06T05:17:00,197.769
2026-01-06T05:18:00,200.138
2026-01-06T05:19:00,192.333
2026-01-06T05:20:00,187.736
2026-01-06T05:21:00,199.745
2026-01-06T05:22:00,199.906
2026-01-06T05:23:00,200.031
2026-01-06T05:24:00,195.978
2026-01-06T05:25:00,203.986
2026-01-06T05:26:00,196.138
2026-01-06T05:27:00,199.612
2026-01-06T05:28:00,200.259
2026-01-06T05:29:00,204.709
2026-01-06T05:30:00,196.520
2026-01-06T05:31:00,195.131
2026-01-06T05:32:00,191.708
2026-01-06T05:33:00,203.868
2026-01-06T05:34:00,199.303
2026-01-06T05:35:00,199.390
2026-01-06T05:36:00,210.005
2026-01-06T05:37:00,198.801
2026-01-06T05:38:00,192.255
2026-01-06T05:39:00,196.646
2026-01-06T05:40:00,193.497
2026-01-06T05:41:00,195.780
2026-01-06T05:42:00,195.722
2026-01-06T05:43:00,194.954
2026-01-06T05:44:00,191.701
2026-01-06T05:45:00,203.617
2026-01-06T05:46:00,198.416
2026-01-06T05:47:00,196.295
2026-01-06T05:48:00,200.204
2026-01-06T05:49:00,199.036
2026-01-06T05:50:00,198.234
2026-01-06T05:51:00,199.853
2026-01-06T05:52:00,197.631
2026-01-06T05:53:00,199.760
2026-01-06T05:54:00,200.077
2026-01-06T05:55:00,197.703
2026-01-06T05:56:00,196.159
2026-01-06T05:57:00,203.152
2026-01-06T05:58:00,195.110
2026-01-06T05:59:00,198.579
2026-01-06T06:00:00,198.664
2026-01-06T06:01:00,194.566
2026-01-06T06:02:00,193.770
2026-01-06T06:03:00,195.585
2026-01-06T06:04:00,195.031
2026-01-06T06:05:00,191.169
2026-01-06T06:06:00,194.399
2026-01-06T06:07:00,198.075
2026-01-06T06:08:00,202.080
2026-01-06T06:09:00,199.241
2026-01-06T06:10:00,186.634
2026-01-06T06:11:00,199.608
2026-01-06T06:12:00,194.822
2026-01-06T06:13:00,198.881
2026-01-06T06:14:00,197.027
2026-01-06T06:15:00,196.329
2026-01-06T06:16:00,196.708
2026-01-06T06:17:00,197.047
2026-01-06T06:18:00,202.534
2026-01-06T06:19:00,197.100
2026-01-06T06:20:00,201.544
2026-01-06T06:21:00,200.987
2026-01-06T06:22:00,199.921
2026-01-06T06:23:00,190.134
2026-01-06T06:24:00,201.776
2026-01-06T06:25:00,195.508
2026-01-06T06:26:00,200.234
2026-01-06T06:27:00,193.514
2026-01-06T06:28:00,192.697
2026-01-06T06:29:00,205.379
2026-01-06T06:30:00,193.682
2026-01-06T06:31:00,202.132
2026-01-06T06:32:00,198.060
2026-01-06T06:33:00,195.946
2026-01-06T06:34:00,197.489
2026-01-06T06:35:00,192.506
2026-01-06T06:36:00,197.699
2026-01-06T06:37:00,193.468
2026-01-06T06:38:00,196.263
2026-01-06T06:39:00,201.593
2026-01-06T06:40:00,198.956
2026-01-06T06:41:00,192.060
2026-01-06T06:42:00,201.444
2026-01-06T06:43:00,198.061
2026-01-06T06:44:00,195.972
2026-01-06T06:45:00,201.181
2026-01-06T06:46:00,197.579
2026-01-06T06:47:00,193.640
2026-01-06T06:48:00,205.749
2026-01-06T06:49:00,198.345
2026-01-06T06:50:00,198.145
2026-01-06T06:51:00,196.908
2026-01-06T06:52:00,203.307
2026-01-06T06:53:00,196.547
2026-01-06T06:54:00,192.526
2026-01-06T06:55:00,196.052
2026-01-06T06:56:00,204.135
2026-01-06T06:57:00,202.218
2026-01-06T06:58:00,197.931
2026-01-06T06:59:00,204.507
2026-01-06T07:00:00,202.069
2026-01-06T07:01:00,198.074
2026-01-06T07:02:00,198.541
2026-01-06T07:03:00,200.587
2026-01-06T07:04:00,196.007
2026-01-06T07:05:00,199.417
2026-01-06T07:06:00,200.699
2026-01-06T07:07:00,192.783
2026-01-06T07:08:00,198.839
2026-01-06T07:09:00,198.450
2026-01-06T07:10:00,203.841
2026-01-06T07:11:00,192.417
2026-01-06T07:12:00,198.336
2026-01-06T07:13:00,198.002
2026-01-06T07:14:00,203.836
2026-01-06T07:15:00,199.888
2026-01-06T07:16:00,207.313
2026-01-06T07:17:00,202.844
2026-01-06T07:18:00,1039.954
2026-01-06T07:19:00,201.287
2026-01-06T07:20:00,198.978
2026-01-06T07:21:00,203.898
2026-01-06T07:22:00,195.197
2026-01-06T07:23:00,197.297
2026-01-06T07:24:00,202.479
2026-01-06T07:25:00,205.625
2026-01-06T07:26:00,191.978
2026-01-06T07:27:00,206.348
2026-01-06T07:28:00,200.353
2026-01-06T07:29:00,193.442
2026-01-06T07:30:00,189.033
2026-01-06T07:31:00,194.985
2026-01-06T07:32:00,201.085
2026-01-06T07:33:00,200.962
2026-01-06T07:34:00,203.818
2026-01-06T07:35:00,199.148
2026-01-06T07:36:00,196.973
2026-01-06T07:37:00,199.811
2026-01-06T07:38:00,201.656
2026-01-06T07:39:00,202.501
2026-01-06T07:40:00,198.478
2026-01-06T07:41:00,205.296
2026-01-06T07:42:00,199.259
2026-01-06T07:43:00,198.320
2026-01-06T07:44:00,199.682
2026-01-06T07:45:00,206.203
2026-01-06T07:46:00,201.423
2026-01-06T07:47:00,199.227
2026-01-06T07:48:00,205.758
2026-01-06T07:49:00,210.673
2026-01-06T07:50:00,202.988
2026-01-06T07:51:00,207.130
2026-01-06T07:52:00,206.384
2026-01-06T07:53:00,199.861
2026-01-06T07:54:00,202.433
2026-01-06T07:55:00,197.238
2026-01-06T07:56:00,201.588
2026-01-06T07:57:00,199.942
2026-01-06T07:58:00,200.874
2026-01-06T07:59:00,199.522
2026-01-06T08:00:00,201.409
2026-01-06T08:01:00,204.721
2026-01-06T08:02:00,202.147
2026-01-06T08:03:00,195.199
2026-01-06T08:04:00,199.702
2026-01-06T08:05:00,196.638
2026-01-06T08:06:00,203.719
2026-01-06T08:07:00,204.783
2026-01-06T08:08:00,203.821
2026-01-06T08:09:00,199.668
2026-01-06T08:10:00,203.828
2026-01-06T08:11:00,200.980
2026-01-06T08:12:00,198.327
2026-01-06T08:13:00,205.866
2026-01-06T08:14:00,206.187
2026-01-06T08:15:00,974.696
2026-01-06T08:16:00,200.510
2026-01-06T08:17:00,207.673
2026-01-06T08:18:00,200.992
2026-01-06T08:19:00,205.589
2026-01-06T08:20:00,200.940
2026-01-06T08:21:00,202.094
2026-01-06T08:22:00,193.310
2026-01-06T08:23:00,201.790
2026-01-06T08:24:00,203.364
2026-01-06T08:25:00,201.360
2026-01-06T08:26:00,210.024
2026-01-06T08:27:00,198.346
2026-01-06T08:28:00,200.738
2026-01-06T08:29:00,199.367
2026-01-06T08:30:00,200.725
2026-01-06T08:31:00,207.097
2026-01-06T08:32:00,208.873
2026-01-06T08:33:00,200.147
2026-01-06T08:34:00,200.045
2026-01-06T08:35:00,198.294
2026-01-06T08:36:00,208.132
2026-01-06T08:37:00,207.374
2026-01-06T08:38:00,202.447
2026-01-06T08:39:00,197.267
2026-01-06T08:40:00,197.603
2026-01-06T08:41:00,203.489
2026-01-06T08:42:00,204.980
2026-01-06T08:43:00,194.492
2026-01-06T08:44:00,201.445
2026-01-06T08:45:00,209.175
2026-01-06T08:46:00,201.802
2026-01-06T08:47:00,208.599
2026-01-06T08:48:00,205.205
2026-01-06T08:49:00,198.238
2026-01-06T08:50:00,201.370
2026-01-06T08:51:00,201.989
2026-01-06T08:52:00,198.657
2026-01-06T08:53:00,198.549
2026-01-06T08:54:00,208.416
2026-01-06T08:55:00,198.438
2026-01-06T08:56:00,206.619
2026-01-06T08:57:00,200.516
2026-01-06T08:58:00,202.115
2026-01-06T08:59:00,204.420
2026-01-06T09:00:00,199.732
2026-01-06T09:01:00,204.350
2026-01-06T09:02:00,193.844
2026-01-06T09:03:00,203.739
2026-01-06T09:04:00,192.056
2026-01-06T09:05:00,200.971
2026-01-06T09:06:00,205.243
2026-01-06T09:07:00,204.262
2026-01-06T09:08:00,196.525
2026-01-06T09:09:00,196.984
2026-01-06T09:10:00,198.853
2026-01-06T09:11:00,202.295
2026-01-06T09:12:00,193.365
2026-01-06T09:13:00,201.382
2026-01-06T09:14:00,202.622
2026-01-06T09:15:00,200.184
2026-01-06T09:16:00,203.357
2026-01-06T09:17:00,202.090
2026-01-06T09:18:00,198.967
2026-01-06T09:19:00,193.327
2026-01-06T09:20:00,201.543
2026-01-06T09:21:00,197.134
2026-01-06T09:22:00,198.569
2026-01-06T09:23:00,202.735
2026-01-06T09:24:00,206.424
2026-01-06T09:25:00,200.538
2026-01-06T09:26:00,202.841
2026-01-06T09:27:00,194.782
2026-01-06T09:28:00,201.476
2026-01-06T09:29:00,200.188
2026-01-06T09:30:00,205.279
2026-01-06T09:31:00,198.134
2026-01-06T09:32:00,199.263
2026-01-06T09:33:00,204.398
2026-01-06T09:34:00,199.728
2026-01-06T09:35:00,195.594
2026-01-06T09:36:00,210.169
2026-01-06T09:37:00,195.582
2026-01-06T09:38:00,199.571
2026-01-06T09:39:00,201.150
2026-01-06T09:40:00,200.767
2026-01-06T09:41:00,198.871
2026-01-06T09:42:00,198.825
2026-01-06T09:43:00,198.559
2026-01-06T09:44:00,194.969
2026-01-06T09:45:00,207.968
2026-01-06T09:46:00,198.423
2026-01-06T09:47:00,201.626
2026-01-06T09:48:00,197.835
2026-01-06T09:49:00,197.691
2026-01-06T09:50:00,197.225
2026-01-06T09:51:00,192.784
2026-01-06T09:52:00,198.278
2026-01-06T09:53:00,197.231
2026-01-06T09:54:00,203.484
2026-01-06T09:55:00,193.950
2026-01-06T09:56:00,196.368
2026-01-06T09:57:00,195.023
2026-01-06T09:58:00,204.328
2026-01-06T09:59:00,195.023
2026-01-06T10:00:00,200.692
2026-01-06T10:01:00,202.267
2026-01-06T10:02:00,197.746
2026-01-06T10:03:00,192.768
2026-01-06T10:04:00,192.765
2026-01-06T10:05:00,201.607
2026-01-06T10:06:00,193.073
2026-01-06T10:07:00,199.632
2026-01-06T10:08:00,198.471
2026-01-06T10:09:00,199.473
2026-01-06T10:10:00,199.802
2026-01-06T10:11:00,194.134
2026-01-06T10:12:00,1012.144
2026-01-06T10:13:00,200.637
2026-01-06T10:14:00,195.215
2026-01-06T10:15:00,186.689
2026-01-06T10:16:00,200.243
2026-01-06T10:17:00,193.462
2026-01-06T10:18:00,199.436
2026-01-06T10:19:00,203.100
2026-01-06T10:20:00,197.559
2026-01-06T10:21:00,201.439
2026-01-06T10:22:00,198.036
2026-01-06T10:23:00,203.737
2026-01-06T10:24:00,193.107
2026-01-06T10:25:00,197.292
2026-01-06T10:26:00,199.988
2026-01-06T10:27:00,196.505
2026-01-06T10:28:00,201.849
2026-01-06T10:29:00,195.487
2026-01-06T10:30:00,205.468
2026-01-06T10:31:00,205.657
2026-01-06T10:32:00,198.275
2026-01-06T10:33:00,199.337
2026-01-06T10:34:00,201.875
2026-01-06T10:35:00,192.342
2026-01-06T10:36:00,191.828
2026-01-06T10:37:00,202.087
2026-01-06T10:38:00,198.145
2026-01-06T10:39:00,196.132
2026-01-06T10:40:00,197.072
2026-01-06T10:41:00,187.475
2026-01-06T10:42:00,196.250
2026-01-06T10:43:00,193.995
2026-01-06T10:44:00,200.676
2026-01-06T10:45:00,200.981
2026-01-06T10:46:00,199.307
2026-01-06T10:47:00,198.582
2026-01-06T10:48:00,191.013
2026-01-06T10:49:00,199.369
2026-01-06T10:50:00,199.529
2026-01-06T10:51:00,201.998
2026-01-06T10:52:00,205.498
2026-01-06T10:53:00,190.265
2026-01-06T10:54:00,195.492
2026-01-06T10:55:00,194.089
2026-01-06T10:56:00,197.762
2026-01-06T10:57:00,197.141
2026-01-06T10:58:00,196.167
2026-01-06T10:59:00,201.232
2026-01-06T11:00:00,192.736
2026-01-06T11:01:00,192.998
2026-01-06T11:02:00,193.088
2026-01-06T11:03:00,195.767
2026-01-06T11:04:00,192.319
2026-01-06T11:05:00,197.066
2026-01-06T11:06:00,196.626
2026-01-06T11:07:00,194.171
2026-01-06T11:08:00,200.843
2026-01-06T11:09:00,197.141
2026-01-06T11:10:00,201.663
2026-01-06T11:11:00,196.666
2026-01-06T11:12:00,197.386
2026-01-06T11:13:00,195.268
2026-01-06T11:14:00,197.529
2026-01-06T11:15:00,200.446
2026-01-06T11:16:00,195.992
2026-01-06T11:17:00,199.752
2026-01-06T11:18:00,194.471
2026-01-06T11:19:00,200.802
2026-01-06T11:20:00,195.491
2026-01-06T11:21:00,201.263
2026-01-06T11:22:00,198.148
2026-01-06T11:23:00,204.036
2026-01-06T11:24:00,193.385
2026-01-06T11:25:00,834.787
2026-01-06T11:26:00,195.638
2026-01-06T11:27:00,192.616
2026-01-06T11:28:00,192.677
2026-01-06T11:29:00,200.748
2026-01-06T11:30:00,198.300
2026-01-06T11:31:00,196.453
2026-01-06T11:32:00,196.880
2026-01-06T11:33:00,196.097
2026-01-06T11:34:00,205.145
2026-01-06T11:35:00,195.660
2026-01-06T11:36:00,193.373
2026-01-06T11:37:00,201.906
2026-01-06T11:38:00,197.919
2026-01-06T11:39:00,206.998
2026-01-06T11:40:00,196.800
2026-01-06T11:41:00,202.351
2026-01-06T11:42:00,203.359
2026-01-06T11:43:00,197.008
2026-01-06T11:44:00,196.186
2026-01-06T11:45:00,202.187
2026-01-06T11:46:00,201.586
2026-01-06T11:47:00,193.709
2026-01-06T11:48:00,194.902
2026-01-06T11:49:00,189.336
2026-01-06T11:50:00,201.929
2026-01-06T11:51:00,198.566
2026-01-06T11:52:00,199.031
2026-01-06T11:53:00,192.980
2026-01-06T11:54:00,195.420
2026-01-06T11:55:00,197.967
2026-01-06T11:56:00,197.256
2026-01-06T11:57:00,200.484
2026-01-06T11:58:00,202.413
2026-01-06T11:59:00,209.224
2026-01-06T12:00:00,200.132
2026-01-06T12:01:00,204.740
2026-01-06T12:02:00,197.025
2026-01-06T12:03:00,193.711
2026-01-06T12:04:00,199.068
2026-01-06T12:05:00,194.152
2026-01-06T12:06:00,200.667
2026-01-06T12:07:00,197.551
2026-01-06T12:08:00,192.921
2026-01-06T12:09:00,207.747
2026-01-06T12:10:00,198.716
2026-01-06T12:11:00,194.380
2026-01-06T12:12:00,204.586
2026-01-06T12:13:00,198.142
2026-01-06T12:14:00,205.479
2026-01-06T12:15:00,198.246
2026-01-06T12:16:00,199.077
2026-01-06T12:17:00,202.680
2026-01-06T12:18:00,203.734
2026-01-06T12:19:00,204.494
2026-01-06T12:20:00,201.119
2026-01-06T12:21:00,203.650
2026-01-06T12:22:00,204.575
2026-01-06T12:23:00,202.451
2026-01-06T12:24:00,201.134
2026-01-06T12:25:00,195.977
2026-01-06T12:26:00,204.209
2026-01-06T12:27:00,202.034
2026-01-06T12:28:00,200.262
2026-01-06T12:29:00,207.078
2026-01-06T12:30:00,196.306
2026-01-06T12:31:00,208.642
2026-01-06T12:32:00,202.025
2026-01-06T12:33:00,203.431
2026-01-06T12:34:00,200.626
2026-01-06T12:35:00,195.583
2026-01-06T12:36:00,201.736
2026-01-06T12:37:00,203.676
2026-01-06T12:38:00,205.083
2026-01-06T12:39:00,201.626
2026-01-06T12:40:00,193.687
2026-01-06T12:41:00,196.328
2026-01-06T12:42:00,210.739
2026-01-06T12:43:00,198.196
2026-01-06T12:44:00,208.308
2026-01-06T12:45:00,198.896
2026-01-06T12:46:00,201.934
2026-01-06T12:47:00,205.195
2026-01-06T12:48:00,199.442
2026-01-06T12:49:00,209.119
2026-01-06T12:50:00,203.079
2026-01-06T12:51:00,204.644
2026-01-06T12:52:00,201.753
2026-01-06T12:53:00,205.480
2026-01-06T12:54:00,209.181
2026-01-06T12:55:00,202.360
2026-01-06T12:56:00,209.821
2026-01-06T12:57:00,200.472
2026-01-06T12:58:00,205.990
2026-01-06T12:59:00,204.903
2026-01-06T13:00:00,198.684
2026-01-06T13:01:00,203.824
2026-01-06T13:02:00,203.007
2026-01-06T13:03:00,1062.517
2026-01-06T13:04:00,204.423
2026-01-06T13:05:00,203.581
2026-01-06T13:06:00,202.708
2026-01-06T13:07:00,202.726
2026-01-06T13:08:00,202.640
2026-01-06T13:09:00,201.528
2026-01-06T13:10:00,203.555
2026-01-06T13:11:00,200.415
2026-01-06T13:12:00,213.612
2026-01-06T13:13:00,197.340
2026-01-06T13:14:00,200.630
2026-01-06T13:15:00,200.935
2026-01-06T13:16:00,211.109
2026-01-06T13:17:00,197.653
2026-01-06T13:18:00,204.622
2026-01-06T13:19:00,203.896
2026-01-06T13:20:00,204.219
2026-01-06T13:21:00,207.811
2026-01-06T13:22:00,207.709
2026-01-06T13:23:00,201.020
2026-01-06T13:24:00,203.577
2026-01-06T13:25:00,195.320
2026-01-06T13:26:00,203.146
2026-01-06T13:27:00,199.547
2026-01-06T13:28:00,201.949
2026-01-06T13:29:00,195.923
2026-01-06T13:30:00,204.252
2026-01-06T13:31:00,195.814
2026-01-06T13:32:00,203.159
2026-01-06T13:33:00,197.625
2026-01-06T13:34:00,199.096
2026-01-06T13:35:00,207.076
2026-01-06T13:36:00,204.770
2026-01-06T13:37:00,206.975
2026-01-06T13:38:00,208.576
2026-01-06T13:39:00,199.203
2026-01-06T13:40:00,208.247
2026-01-06T13:41:00,196.344
2026-01-06T13:42:00,205.145
2026-01-06T13:43:00,200.141
2026-01-06T13:44:00,198.345
2026-01-06T13:45:00,204.475
2026-01-06T13:46:00,205.747
2026-01-06T13:47:00,205.578
2026-01-06T13:48:00,202.724
2026-01-06T13:49:00,202.340
2026-01-06T13:50:00,203.866
2026-01-06T13:51:00,202.919
2026-01-06T13:52:00,203.814
2026-01-06T13:53:00,202.409
2026-01-06T13:54:00,204.907
2026-01-06T13:55:00,194.969
2026-01-06T13:56:00,200.895
2026-01-06T13:57:00,195.825
2026-01-06T13:58:00,202.408
2026-01-06T13:59:00,207.808
2026-01-06T14:00:00,199.283
2026-01-06T14:01:00,201.627
2026-01-06T14:02:00,204.082
2026-01-06T14:03:00,192.722
2026-01-06T14:04:00,198.842
2026-01-06T14:05:00,202.325
2026-01-06T14:06:00,189.214
2026-01-06T14:07:00,196.831
2026-01-06T14:08:00,205.077
2026-01-06T14:09:00,204.620
2026-01-06T14:10:00,202.040
2026-01-06T14:11:00,204.006
2026-01-06T14:12:00,201.271
2026-01-06T14:13:00,202.566
2026-01-06T14:14:00,199.016
2026-01-06T14:15:00,200.675
2026-01-06T14:16:00,197.616
2026-01-06T14:17:00,205.133
2026-01-06T14:18:00,206.099
2026-01-06T14:19:00,205.465
2026-01-06T14:20:00,198.247
2026-01-06T14:21:00,195.997
2026-01-06T14:22:00,204.854
2026-01-06T14:23:00,201.855
2026-01-06T14:24:00,200.928
2026-01-06T14:25:00,197.013
2026-01-06T14:26:00,201.184
2026-01-06T14:27:00,195.075
2026-01-06T14:28:00,201.887
2026-01-06T14:29:00,204.801
2026-01-06T14:30:00,205.746
2026-01-06T14:31:00,201.991
2026-01-06T14:32:00,193.565
2026-01-06T14:33:00,199.819
2026-01-06T14:34:00,207.526
2026-01-06T14:35:00,195.430
2026-01-06T14:36:00,198.606
2026-01-06T14:37:00,204.436
2026-01-06T14:38:00,201.190
2026-01-06T14:39:00,208.582
2026-01-06T14:40:00,195.670
2026-01-06T14:41:00,194.584
2026-01-06T14:42:00,203.382
2026-01-06T14:43:00,193.645
2026-01-06T14:44:00,197.585
2026-01-06T14:45:00,198.054
2026-01-06T14:46:00,202.405
2026-01-06T14:47:00,200.665
2026-01-06T14:48:00,199.983
2026-01-06T14:49:00,196.493
2026-01-06T14:50:00,202.911
2026-01-06T14:51:00,214.104
2026-01-06T14:52:00,200.717
2026-01-06T14:53:00,198.302
2026-01-06T14:54:00,192.665
2026-01-06T14:55:00,195.261
2026-01-06T14:56:00,196.911
2026-01-06T14:57:00,195.583
2026-01-06T14:58:00,197.614
2026-01-06T14:59:00,204.749
2026-01-06T15:00:00,202.585
2026-01-06T15:01:00,196.922
2026-01-06T15:02:00,192.686
2026-01-06T15:03:00,202.832
2026-01-06T15:04:00,197.250
2026-01-06T15:05:00,190.506
2026-01-06T15:06:00,200.229
2026-01-06T15:07:00,201.450
2026-01-06T15:08:00,187.613
2026-01-06T15:09:00,193.990
2026-01-06T15:10:00,196.818
2026-01-06T15:11:00,200.172
2026-01-06T15:12:00,195.145
2026-01-06T15:13:00,193.856
2026-01-06T15:14:00,200.071
2026-01-06T15:15:00,195.268
2026-01-06T15:16:00,199.290
2026-01-06T15:17:00,192.658
2026-01-06T15:18:00,191.678
2026-01-06T15:19:00,200.093
2026-01-06T15:20:00,198.068
2026-01-06T15:21:00,200.736
2026-01-06T15:22:00,194.905
2026-01-06T15:23:00,193.845
2026-01-06T15:24:00,202.460
2026-01-06T15:25:00,190.919
2026-01-06T15:26:00,202.012
2026-01-06T15:27:00,202.285
2026-01-06T15:28:00,200.441
2026-01-06T15:29:00,194.249
2026-01-06T15:30:00,193.735
2026-01-06T15:31:00,196.163
2026-01-06T15:32:00,191.827
2026-01-06T15:33:00,193.166
2026-01-06T15:34:00,199.598
2026-01-06T15:35:00,199.625
2026-01-06T15:36:00,192.839
2026-01-06T15:37:00,199.753
2026-01-06T15:38:00,198.879
2026-01-06T15:39:00,203.115
2026-01-06T15:40:00,911.330
2026-01-06T15:41:00,201.343
2026-01-06T15:42:00,199.035
2026-01-06T15:43:00,201.066
2026-01-06T15:44:00,192.019
2026-01-06T15:45:00,196.704
2026-01-06T15:46:00,197.059
2026-01-06T15:47:00,196.265
2026-01-06T15:48:00,199.043
2026-01-06T15:49:00,199.833
2026-01-06T15:50:00,198.894
2026-01-06T15:51:00,196.648
2026-01-06T15:52:00,194.445
2026-01-06T15:53:00,201.810
2026-01-06T15:54:00,198.855
2026-01-06T15:55:00,193.417
2026-01-06T15:56:00,196.754
2026-01-06T15:57:00,190.594
2026-01-06T15:58:00,197.748
2026-01-06T15:59:00,196.854
2026-01-06T16:00:00,195.392
2026-01-06T16:01:00,204.071
2026-01-06T16:02:00,193.152
2026-01-06T16:03:00,200.648
2026-01-06T16:04:00,206.615
2026-01-06T16:05:00,202.225
2026-01-06T16:06:00,197.838
2026-01-06T16:07:00,193.478
2026-01-06T16:08:00,192.616
2026-01-06T16:09:00,196.470
2026-01-06T16:10:00,195.420
2026-01-06T16:11:00,195.343
2026-01-06T16:12:00,196.970
2026-01-06T16:13:00,197.922
2026-01-06T16:14:00,200.327
2026-01-06T16:15:00,193.492
2026-01-06T16:16:00,195.771
2026-01-06T16:17:00,197.920
2026-01-06T16:18:00,197.835
2026-01-06T16:19:00,206.022
2026-01-06T16:20:00,199.666
2026-01-06T16:21:00,192.343
2026-01-06T16:22:00,200.532
2026-01-06T16:23:00,201.104
2026-01-06T16:24:00,198.483
2026-01-06T16:25:00,194.193
2026-01-06T16:26:00,206.142
2026-01-06T16:27:00,194.894
2026-01-06T16:28:00,201.881
2026-01-06T16:29:00,200.103
2026-01-06T16:30:00,1020.651
2026-01-06T16:31:00,206.260
2026-01-06T16:32:00,201.745
2026-01-06T16:33:00,197.330
2026-01-06T16:34:00,204.054
2026-01-06T16:35:00,197.172
2026-01-06T16:36:00,200.417
2026-01-06T16:37:00,194.657
2026-01-06T16:38:00,195.763
2026-01-06T16:39:00,200.168
2026-01-06T16:40:00,201.502
2026-01-06T16:41:00,193.287
2026-01-06T16:42:00,202.152
2026-01-06T16:43:00,196.952
2026-01-06T16:44:00,205.414
2026-01-06T16:45:00,198.954
2026-01-06T16:46:00,195.934
2026-01-06T16:47:00,200.797
2026-01-06T16:48:00,196.895
2026-01-06T16:49:00,205.701
2026-01-06T16:50:00,200.692
2026-01-06T16:51:00,200.148
2026-01-06T16:52:00,203.186
2026-01-06T16:53:00,196.863
2026-01-06T16:54:00,195.790
2026-01-06T16:55:00,202.643
2026-01-06T16:56:00,196.673
2026-01-06T16:57:00,196.734
2026-01-06T16:58:00,204.542
2026-01-06T16:59:00,203.357
2026-01-06T17:00:00,196.301
2026-01-06T17:01:00,198.900
2026-01-06T17:02:00,197.820
2026-01-06T17:03:00,208.598
2026-01-06T17:04:00,205.175
2026-01-06T17:05:00,199.924
2026-01-06T17:06:00,203.968
2026-01-06T17:07:00,196.293
2026-01-06T17:08:00,199.082
2026-01-06T17:09:00,202.245
2026-01-06T17:10:00,203.687
2026-01-06T17:11:00,201.540
2026-01-06T17:12:00,202.972
2026-01-06T17:13:00,202.343
2026-01-06T17:14:00,201.424
2026-01-06T17:15:00,200.941
2026-01-06T17:16:00,200.467
2026-01-06T17:17:00,203.146
2026-01-06T17:18:00,203.906
2026-01-06T17:19:00,203.099
2026-01-06T17:20:00,197.633
2026-01-06T17:21:00,198.393
2026-01-06T17:22:00,204.024
2026-01-06T17:23:00,208.354
2026-01-06T17:24:00,203.114
2026-01-06T17:25:00,200.894
2026-01-06T17:26:00,203.472
2026-01-06T17:27:00,198.061
2026-01-06T17:28:00,207.877
2026-01-06T17:29:00,203.418
2026-01-06T17:30:00,1000.689
2026-01-06T17:31:00,202.063
2026-01-06T17:32:00,200.649
2026-01-06T17:33:00,208.029
2026-01-06T17:34:00,201.998
2026-01-06T17:35:00,203.451
2026-01-06T17:36:00,205.146
2026-01-06T17:37:00,199.908
2026-01-06T17:38:00,203.664
2026-01-06T17:39:00,204.005
2026-01-06T17:40:00,196.706
2026-01-06T17:41:00,203.948
2026-01-06T17:42:00,202.767
2026-01-06T17:43:00,203.481
2026-01-06T17:44:00,203.114
2026-01-06T17:45:00,204.016
2026-01-06T17:46:00,208.336
2026-01-06T17:47:00,198.274
2026-01-06T17:48:00,201.628
2026-01-06T17:49:00,205.665
2026-01-06T17:50:00,204.924
2026-01-06T17:51:00,204.837
2026-01-06T17:52:00,214.012
2026-01-06T17:53:00,205.451
2026-01-06T17:54:00,207.513
2026-01-06T17:55:00,201.755
2026-01-06T17:56:00,199.004
2026-01-06T17:57:00,201.709
2026-01-06T17:58:00,205.803
2026-01-06T17:59:00,204.571
2026-01-06T18:00:00,204.543
2026-01-06T18:01:00,202.057
2026-01-06T18:02:00,201.403
2026-01-06T18:03:00,202.161
2026-01-06T18:04:00,205.759
2026-01-06T18:05:00,206.203
2026-01-06T18:06:00,198.793
2026-01-06T18:07:00,205.844
2026-01-06T18:08:00,200.167
2026-01-06T18:09:00,204.619
2026-01-06T18:10:00,201.948
2026-01-06T18:11:00,208.950
2026-01-06T18:12:00,200.984
2026-01-06T18:13:00,203.339
2026-01-06T18:14:00,205.018
2026-01-06T18:15:00,199.061
2026-01-06T18:16:00,202.230
2026-01-06T18:17:00,201.419
2026-01-06T18:18:00,200.392
2026-01-06T18:19:00,200.649
2026-01-06T18:20:00,206.816
2026-01-06T18:21:00,199.932
2026-01-06T18:22:00,204.549
2026-01-06T18:23:00,203.498
2026-01-06T18:24:00,196.607
2026-01-06T18:25:00,204.225
2026-01-06T18:26:00,196.448
2026-01-06T18:27:00,204.566
2026-01-06T18:28:00,199.976
2026-01-06T18:29:00,201.988
2026-01-06T18:30:00,196.726
2026-01-06T18:31:00,202.341
2026-01-06T18:32:00,205.506
2026-01-06T18:33:00,198.517
2026-01-06T18:34:00,199.261
2026-01-06T18:35:00,203.453
2026-01-06T18:36:00,203.497
2026-01-06T18:37:00,191.784
2026-01-06T18:38:00,209.525
2026-01-06T18:39:00,203.519
2026-01-06T18:40:00,204.133
2026-01-06T18:41:00,200.711
2026-01-06T18:42:00,193.804
2026-01-06T18:43:00,203.863
2026-01-06T18:44:00,198.841
2026-01-06T18:45:00,203.216
2026-01-06T18:46:00,200.102
2026-01-06T18:47:00,201.866
2026-01-06T18:48:00,968.130
2026-01-06T18:49:00,204.244
2026-01-06T18:50:00,195.968
2026-01-06T18:51:00,209.639
2026-01-06T18:52:00,209.543
2026-01-06T18:53:00,207.057
2026-01-06T18:54:00,205.562
2026-01-06T18:55:00,200.056
2026-01-06T18:56:00,204.994
2026-01-06T18:57:00,199.877
2026-01-06T18:58:00,193.981
2026-01-06T18:59:00,206.141
2026-01-06T19:00:00,204.577
2026-01-06T19:01:00,199.870
2026-01-06T19:02:00,195.028
2026-01-06T19:03:00,197.517
2026-01-06T19:04:00,192.511
2026-01-06T19:05:00,203.509
2026-01-06T19:06:00,193.249
2026-01-06T19:07:00,200.744
2026-01-06T19:08:00,196.156
2026-01-06T19:09:00,193.758
2026-01-06T19:10:00,200.353
2026-01-06T19:11:00,197.999
2026-01-06T19:12:00,202.622
2026-01-06T19:13:00,194.134
2026-01-06T19:14:00,196.112
2026-01-06T19:15:00,189.527
2026-01-06T19:16:00,190.277
2026-01-06T19:17:00,206.144
2026-01-06T19:18:00,207.223
2026-01-06T19:19:00,199.198
2026-01-06T19:20:00,195.471
2026-01-06T19:21:00,197.512
2026-01-06T19:22:00,202.140
2026-01-06T19:23:00,196.529
2026-01-06T19:24:00,199.479
2026-01-06T19:25:00,198.420
2026-01-06T19:26:00,196.138
2026-01-06T19:27:00,196.253
2026-01-06T19:28:00,199.475
2026-01-06T19:29:00,194.340
2026-01-06T19:30:00,200.001
2026-01-06T19:31:00,196.255
2026-01-06T19:32:00,198.599
2026-01-06T19:33:00,203.574
2026-01-06T19:34:00,197.316
2026-01-06T19:35:00,201.619
2026-01-06T19:36:00,190.723
2026-01-06T19:37:00,195.963
2026-01-06T19:38:00,197.910
2026-01-06T19:39:00,205.447
2026-01-06T19:40:00,189.871
2026-01-06T19:41:00,197.283
2026-01-06T19:42:00,203.453
2026-01-06T19:43:00,194.446
2026-01-06T19:44:00,196.696
2026-01-06T19:45:00,198.837
2026-01-06T19:46:00,198.211
2026-01-06T19:47:00,203.701
2026-01-06T19:48:00,199.198
2026-01-06T19:49:00,202.682
2026-01-06T19:50:00,195.899
2026-01-06T19:51:00,194.347
2026-01-06T19:52:00,196.378
2026-01-06T19:53:00,192.617
2026-01-06T19:54:00,199.161
2026-01-06T19:55:00,195.659
2026-01-06T19:56:00,194.492
2026-01-06T19:57:00,199.151
2026-01-06T19:58:00,192.561
2026-01-06T19:59:00,200.199
2026-01-06T20:00:00,195.186
2026-01-06T20:01:00,201.719
2026-01-06T20:02:00,195.497
2026-01-06T20:03:00,199.582
2026-01-06T20:04:00,197.761
2026-01-06T20:05:00,200.008
2026-01-06T20:06:00,197.463
2026-01-06T20:07:00,190.362
2026-01-06T20:08:00,201.045
2026-01-06T20:09:00,196.654
2026-01-06T20:10:00,200.160
2026-01-06T20:11:00,199.761
2026-01-06T20:12:00,193.907
2026-01-06T20:13:00,193.342
2026-01-06T20:14:00,199.626
2026-01-06T20:15:00,821.409
2026-01-06T20:16:00,200.760
2026-01-06T20:17:00,196.309
2026-01-06T20:18:00,201.124
2026-01-06T20:19:00,198.734
2026-01-06T20:20:00,198.204
2026-01-06T20:21:00,195.569
2026-01-06T20:22:00,198.009
2026-01-06T20:23:00,201.867
2026-01-06T20:24:00,196.896
2026-01-06T20:25:00,199.256
2026-01-06T20:26:00,197.337
2026-01-06T20:27:00,197.672
2026-01-06T20:28:00,204.090
2026-01-06T20:29:00,202.028
2026-01-06T20:30:00,197.565
2026-01-06T20:31:00,198.132
2026-01-06T20:32:00,194.495
2026-01-06T20:33:00,196.641
2026-01-06T20:34:00,198.601
2026-01-06T20:35:00,200.799
2026-01-06T20:36:00,200.427
2026-01-06T20:37:00,193.028
2026-01-06T20:38:00,201.409
2026-01-06T20:39:00,197.184
2026-01-06T20:40:00,193.629
2026-01-06T20:41:00,202.963
2026-01-06T20:42:00,203.511
2026-01-06T20:43:00,198.756
2026-01-06T20:44:00,200.579
2026-01-06T20:45:00,200.858
2026-01-06T20:46:00,203.417
2026-01-06T20:47:00,200.793
2026-01-06T20:48:00,192.618
2026-01-06T20:49:00,206.016
2026-01-06T20:50:00,202.289
2026-01-06T20:51:00,196.039
2026-01-06T20:52:00,194.011
2026-01-06T20:53:00,200.201
2026-01-06T20:54:00,197.122
2026-01-06T20:55:00,199.610
2026-01-06T20:56:00,201.318
2026-01-06T20:57:00,196.135
2026-01-06T20:58:00,193.993
2026-01-06T20:59:00,200.058
2026-01-06T21:00:00,196.440
2026-01-06T21:01:00,199.217
2026-01-06T21:02:00,193.319
2026-01-06T21:03:00,197.744
2026-01-06T21:04:00,201.673
2026-01-06T21:05:00,201.299
2026-01-06T21:06:00,195.783
2026-01-06T21:07:00,194.326
2026-01-06T21:08:00,199.126
2026-01-06T21:09:00,201.370
2026-01-06T21:10:00,200.811
2026-01-06T21:11:00,197.206
2026-01-06T21:12:00,200.511
2026-01-06T21:13:00,205.394
2026-01-06T21:14:00,200.270
2026-01-06T21:15:00,192.983
2026-01-06T21:16:00,200.394
2026-01-06T21:17:00,207.823
2026-01-06T21:18:00,194.564
2026-01-06T21:19:00,199.899
2026-01-06T21:20:00,198.941
2026-01-06T21:21:00,200.297
2026-01-06T21:22:00,200.757
2026-01-06T21:23:00,204.607
2026-01-06T21:24:00,200.452
2026-01-06T21:25:00,205.289
2026-01-06T21:26:00,199.776
2026-01-06T21:27:00,198.912
2026-01-06T21:28:00,197.702
2026-01-06T21:29:00,193.177
2026-01-06T21:30:00,201.614
2026-01-06T21:31:00,208.792
2026-01-06T21:32:00,202.475
2026-01-06T21:33:00,203.454
2026-01-06T21:34:00,199.119
2026-01-06T21:35:00,199.858
2026-01-06T21:36:00,204.838
2026-01-06T21:37:00,208.997
2026-01-06T21:38:00,206.977
2026-01-06T21:39:00,204.309
2026-01-06T21:40:00,201.290
2026-01-06T21:41:00,202.050
2026-01-06T21:42:00,198.258
2026-01-06T21:43:00,195.539
2026-01-06T21:44:00,196.884
2026-01-06T21:45:00,201.649
2026-01-06T21:46:00,200.340
2026-01-06T21:47:00,195.687
2026-01-06T21:48:00,201.472
2026-01-06T21:49:00,200.404
2026-01-06T21:50:00,197.041
2026-01-06T21:51:00,200.306
2026-01-06T21:52:00,200.556
2026-01-06T21:53:00,199.425
2026-01-06T21:54:00,205.650
2026-01-06T21:55:00,194.382
2026-01-06T21:56:00,194.099
2026-01-06T21:57:00,202.104
2026-01-06T21:58:00,202.523
2026-01-06T21:59:00,203.801
2026-01-06T22:00:00,200.074
2026-01-06T22:01:00,198.602
2026-01-06T22:02:00,202.287
2026-01-06T22:03:00,200.592
2026-01-06T22:04:00,208.603
2026-01-06T22:05:00,201.141
2026-01-06T22:06:00,202.264
2026-01-06T22:07:00,212.415
2026-01-06T22:08:00,201.770
2026-01-06T22:09:00,204.808
2026-01-06T22:10:00,205.202
2026-01-06T22:11:00,205.575
2026-01-06T22:12:00,203.838
2026-01-06T22:13:00,203.484
2026-01-06T22:14:00,203.138
2026-01-06T22:15:00,200.460
2026-01-06T22:16:00,204.091
2026-01-06T22:17:00,210.927
2026-01-06T22:18:00,207.678
2026-01-06T22:19:00,204.072
2026-01-06T22:20:00,206.299
2026-01-06T22:21:00,199.418
2026-01-06T22:22:00,201.869
2026-01-06T22:23:00,206.718
2026-01-06T22:24:00,208.889
2026-01-06T22:25:00,199.869
2026-01-06T22:26:00,201.030
2026-01-06T22:27:00,211.699
2026-01-06T22:28:00,203.367
2026-01-06T22:29:00,210.282
2026-01-06T22:30:00,203.821
2026-01-06T22:31:00,203.982
2026-01-06T22:32:00,201.777
2026-01-06T22:33:00,206.770
2026-01-06T22:34:00,208.430
2026-01-06T22:35:00,198.857
2026-01-06T22:36:00,201.583
2026-01-06T22:37:00,206.648
2026-01-06T22:38:00,202.463
2026-01-06T22:39:00,201.000
2026-01-06T22:40:00,207.002
2026-01-06T22:41:00,207.366
2026-01-06T22:42:00,201.141
2026-01-06T22:43:00,203.775
2026-01-06T22:44:00,198.077
2026-01-06T22:45:00,199.312
2026-01-06T22:46:00,203.372
2026-01-06T22:47:00,202.981
2026-01-06T22:48:00,198.967
2026-01-06T22:49:00,199.948
2026-01-06T22:50:00,198.528
2026-01-06T22:51:00,204.583
2026-01-06T22:52:00,194.866
2026-01-06T22:53:00,1044.181
2026-01-06T22:54:00,195.227
2026-01-06T22:55:00,204.324
2026-01-06T22:56:00,195.405
2026-01-06T22:57:00,202.710
2026-01-06T22:58:00,209.106
2026-01-06T22:59:00,209.206
2026-01-06T23:00:00,195.252
2026-01-06T23:01:00,203.631
2026-01-06T23:02:00,198.442
2026-01-06T23:03:00,197.585
2026-01-06T23:04:00,201.861
2026-01-06T23:05:00,207.185
2026-01-06T23:06:00,204.627
2026-01-06T23:07:00,199.322
2026-01-06T23:08:00,204.957
2026-01-06T23:09:00,193.115
2026-01-06T23:10:00,199.029
2026-01-06T23:11:00,198.696
2026-01-06T23:12:00,202.255
2026-01-06T23:13:00,201.079
2026-01-06T23:14:00,201.272
2026-01-06T23:15:00,201.086
2026-01-06T23:16:00,201.820
2026-01-06T23:17:00,203.836
2026-01-06T23:18:00,202.217
2026-01-06T23:19:00,200.426
2026-01-06T23:20:00,203.113
2026-01-06T23:21:00,204.753
2026-01-06T23:22:00,199.165
2026-01-06T23:23:00,201.093
2026-01-06T23:24:00,205.918
2026-01-06T23:25:00,196.798
2026-01-06T23:26:00,208.367
2026-01-06T23:27:00,195.730
2026-01-06T23:28:00,199.642
2026-01-06T23:29:00,197.160
2026-01-06T23:30:00,209.649
2026-01-06T23:31:00,198.820
2026-01-06T23:32:00,198.766
2026-01-06T23:33:00,199.222
2026-01-06T23:34:00,201.022
2026-01-06T23:35:00,199.261
2026-01-06T23:36:00,199.977
2026-01-06T23:37:00,186.326
2026-01-06T23:38:00,200.606
2026-01-06T23:39:00,200.382
2026-01-06T23:40:00,204.399
2026-01-06T23:41:00,205.414
2026-01-06T23:42:00,199.361
2026-01-06T23:43:00,203.310
2026-01-06T23:44:00,195.572
2026-01-06T23:45:00,1014.326
2026-01-06T23:46:00,197.555
2026-01-06T23:47:00,195.040
2026-01-06T23:48:00,198.970
2026-01-06T23:49:00,205.248
2026-01-06T23:50:00,200.304
2026-01-06T23:51:00,205.500
2026-01-06T23:52:00,196.453
2026-01-06T23:53:00,203.574
2026-01-06T23:54:00,196.709
2026-01-06T23:55:00,200.154
2026-01-06T23:56:00,200.055
2026-01-06T23:57:00,201.770
2026-01-06T23:58:00,200.064
2026-01-06T23:59:00,196.041
2026-01-07T00:00:00,202.456
2026-01-07T00:01:00,205.800
2026-01-07T00:02:00,196.476
2026-01-07T00:03:00,191.410
2026-01-07T00:04:00,200.688
2026-01-07T00:05:00,197.306
2026-01-07T00:06:00,198.047
2026-01-07T00:07:00,200.738
2026-01-07T00:08:00,196.630
2026-01-07T00:09:00,197.324
2026-01-07T00:10:00,197.943
2026-01-07T00:11:00,204.167
2026-01-07T00:12:00,198.354
2026-01-07T00:13:00,193.238
2026-01-07T00:14:00,193.344
2026-01-07T00:15:00,198.633
2026-01-07T00:16:00,193.508
2026-01-07T00:17:00,191.727
2026-01-07T00:18:00,200.469
2026-01-07T00:19:00,200.617
2026-01-07T00:20:00,196.360
2026-01-07T00:21:00,198.962
2026-01-07T00:22:00,198.495
2026-01-07T00:23:00,200.109
2026-01-07T00:24:00,200.076
2026-01-07T00:25:00,187.193
2026-01-07T00:26:00,196.614
2026-01-07T00:27:00,199.609
2026-01-07T00:28:00,195.858
2026-01-07T00:29:00,197.609
2026-01-07T00:30:00,200.432
2026-01-07T00:31:00,197.719
2026-01-07T00:32:00,203.394
2026-01-07T00:33:00,201.840
2026-01-07T00:34:00,196.828
2026-01-07T00:35:00,196.481
2026-01-07T00:36:00,185.845
2026-01-07T00:37:00,195.914
2026-01-07T00:38:00,191.783
2026-01-07T00:39:00,198.058
2026-01-07T00:40:00,197.763
2026-01-07T00:41:00,199.915
2026-01-07T00:42:00,202.699
2026-01-07T00:43:00,196.990
2026-01-07T00:44:00,206.201
2026-01-07T00:45:00,197.994
2026-01-07T00:46:00,191.811
2026-01-07T00:47:00,194.792
2026-01-07T00:48:00,195.539
2026-01-07T00:49:00,199.390
2026-01-07T00:50:00,193.225
2026-01-07T00:51:00,195.816
2026-01-07T00:52:00,196.360
2026-01-07T00:53:00,195.209
2026-01-07T00:54:00,200.246
2026-01-07T00:55:00,199.566
2026-01-07T00:56:00,201.668
2026-01-07T00:57:00,195.681
2026-01-07T00:58:00,201.820
2026-01-07T00:59:00,191.560
2026-01-07T01:00:00,191.470
2026-01-07T01:01:00,192.177
2026-01-07T01:02:00,197.080
2026-01-07T01:03:00,201.865
2026-01-07T01:04:00,788.824
2026-01-07T01:05:00,195.177
2026-01-07T01:06:00,196.236
2026-01-07T01:07:00,199.409
2026-01-07T01:08:00,195.226
2026-01-07T01:09:00,195.024
2026-01-07T01:10:00,191.798
2026-01-07T01:11:00,194.916
2026-01-07T01:12:00,201.937
2026-01-07T01:13:00,197.617
2026-01-07T01:14:00,194.322
2026-01-07T01:15:00,202.255
2026-01-07T01:16:00,194.999
2026-01-07T01:17:00,203.052
2026-01-07T01:18:00,203.019
2026-01-07T01:19:00,197.663
2026-01-07T01:20:00,191.480
2026-01-07T01:21:00,206.669
2026-01-07T01:22:00,199.098
2026-01-07T01:23:00,196.292
2026-01-07T01:24:00,201.452
2026-01-07T01:25:00,200.478
2026-01-07T01:26:00,202.955
2026-01-07T01:27:00,195.106
2026-01-07T01:28:00,199.074
2026-01-07T01:29:00,193.102
2026-01-07T01:30:00,200.558
2026-01-07T01:31:00,197.849
2026-01-07T01:32:00,199.114
2026-01-07T01:33:00,197.454
2026-01-07T01:34:00,197.087
2026-01-07T01:35:00,194.670
2026-01-07T01:36:00,201.357
2026-01-07T01:37:00,204.208
2026-01-07T01:38:00,196.077
2026-01-07T01:39:00,200.573
2026-01-07T01:40:00,200.144
2026-01-07T01:41:00,198.505
2026-01-07T01:42:00,192.424
2026-01-07T01:43:00,193.382
2026-01-07T01:44:00,195.524
2026-01-07T01:45:00,190.151
2026-01-07T01:46:00,204.400
2026-01-07T01:47:00,200.300
2026-01-07T01:48:00,198.771
2026-01-07T01:49:00,190.192
2026-01-07T01:50:00,191.720
2026-01-07T01:51:00,199.070
2026-01-07T01:52:00,207.025
2026-01-07T01:53:00,196.412
2026-01-07T01:54:00,202.726
2026-01-07T01:55:00,197.416
2026-01-07T01:56:00,199.622
2026-01-07T01:57:00,204.325
2026-01-07T01:58:00,198.149
2026-01-07T01:59:00,196.838
2026-01-07T02:00:00,205.337
2026-01-07T02:01:00,199.913
2026-01-07T02:02:00,204.162
2026-01-07T02:03:00,197.123
2026-01-07T02:04:00,205.557
2026-01-07T02:05:00,201.092
2026-01-07T02:06:00,201.803
2026-01-07T02:07:00,200.657
2026-01-07T02:08:00,198.175
2026-01-07T02:09:00,200.257
2026-01-07T02:10:00,198.559
2026-01-07T02:11:00,204.234
2026-01-07T02:12:00,199.650
2026-01-07T02:13:00,194.542
2026-01-07T02:14:00,193.875
2026-01-07T02:15:00,193.751
2026-01-07T02:16:00,203.195
2026-01-07T02:17:00,196.182
2026-01-07T02:18:00,202.052
2026-01-07T02:19:00,201.462
2026-01-07T02:20:00,200.720
2026-01-07T02:21:00,202.795
2026-01-07T02:22:00,201.737
2026-01-07T02:23:00,190.327
2026-01-07T02:24:00,199.932
2026-01-07T02:25:00,202.988
2026-01-07T02:26:00,207.908
2026-01-07T02:27:00,208.152
2026-01-07T02:28:00,196.012
2026-01-07T02:29:00,200.124
2026-01-07T02:30:00,195.315
2026-01-07T02:31:00,207.716
2026-01-07T02:32:00,205.743
2026-01-07T02:33:00,203.149
2026-01-07T02:34:00,202.464
2026-01-07T02:35:00,207.375
2026-01-07T02:36:00,896.320
2026-01-07T02:37:00,206.588
2026-01-07T02:38:00,203.833
2026-01-07T02:39:00,200.658
2026-01-07T02:40:00,205.172
2026-01-07T02:41:00,205.414
2026-01-07T02:42:00,201.433
2026-01-07T02:43:00,200.836
2026-01-07T02:44:00,206.818
2026-01-07T02:45:00,208.984
2026-01-07T02:46:00,199.371
2026-01-07T02:47:00,201.356
2026-01-07T02:48:00,203.852
2026-01-07T02:49:00,204.433
2026-01-07T02:50:00,200.433
2026-01-07T02:51:00,210.092
2026-01-07T02:52:00,204.281
2026-01-07T02:53:00,204.751
2026-01-07T02:54:00,209.693
2026-01-07T02:55:00,200.891
2026-01-07T02:56:00,202.363
2026-01-07T02:57:00,197.731
2026-01-07T02:58:00,202.081
2026-01-07T02:59:00,196.839
2026-01-07T03:00:00,205.810
2026-01-07T03:01:00,204.521
2026-01-07T03:02:00,201.753
2026-01-07T03:03:00,202.479
2026-01-07T03:04:00,205.945
2026-01-07T03:05:00,198.372
2026-01-07T03:06:00,203.747
2026-01-07T03:07:00,205.742
2026-01-07T03:08:00,195.827
2026-01-07T03:09:00,205.706
2026-01-07T03:10:00,196.279
2026-01-07T03:11:00,202.513
2026-01-07T03:12:00,198.336
2026-01-07T03:13:00,208.719
2026-01-07T03:14:00,198.369
2026-01-07T03:15:00,196.399
2026-01-07T03:16:00,203.533
2026-01-07T03:17:00,201.344
2026-01-07T03:18:00,196.978
2026-01-07T03:19:00,205.095
2026-01-07T03:20:00,195.021
2026-01-07T03:21:00,198.834
2026-01-07T03:22:00,200.670
2026-01-07T03:23:00,206.170
2026-01-07T03:24:00,208.131
2026-01-07T03:25:00,207.348
2026-01-07T03:26:00,202.309
2026-01-07T03:27:00,193.197
2026-01-07T03:28:00,204.453
2026-01-07T03:29:00,208.753
2026-01-07T03:30:00,207.786
2026-01-07T03:31:00,204.681
2026-01-07T03:32:00,198.048
2026-01-07T03:33:00,200.681
2026-01-07T03:34:00,210.491
2026-01-07T03:35:00,197.062
2026-01-07T03:36:00,198.109
2026-01-07T03:37:00,206.441
2026-01-07T03:38:00,200.915
2026-01-07T03:39:00,197.881
2026-01-07T03:40:00,208.686
2026-01-07T03:41:00,204.383
2026-01-07T03:42:00,200.976
2026-01-07T03:43:00,197.883
2026-01-07T03:44:00,210.617
2026-01-07T03:45:00,202.290
2026-01-07T03:46:00,207.936
2026-01-07T03:47:00,205.879
2026-01-07T03:48:00,200.177
2026-01-07T03:49:00,200.165
2026-01-07T03:50:00,207.957
2026-01-07T03:51:00,207.975
2026-01-07T03:52:00,194.569
2026-01-07T03:53:00,204.228
2026-01-07T03:54:00,201.494
2026-01-07T03:55:00,197.795
2026-01-07T03:56:00,202.924
2026-01-07T03:57:00,196.426
2026-01-07T03:58:00,199.905
2026-01-07T03:59:00,198.523
2026-01-07T04:00:00,199.662
2026-01-07T04:01:00,201.320
2026-01-07T04:02:00,996.646
2026-01-07T04:03:00,207.784
2026-01-07T04:04:00,203.406
2026-01-07T04:05:00,208.553
2026-01-07T04:06:00,200.674
2026-01-07T04:07:00,199.059
2026-01-07T04:08:00,208.227
2026-01-07T04:09:00,198.820
2026-01-07T04:10:00,200.357
2026-01-07T04:11:00,203.888
2026-01-07T04:12:00,195.994
2026-01-07T04:13:00,203.726
2026-01-07T04:14:00,203.151
2026-01-07T04:15:00,205.830
2026-01-07T04:16:00,204.248
2026-01-07T04:17:00,205.823
2026-01-07T04:18:00,200.116
2026-01-07T04:19:00,197.041
2026-01-07T04:20:00,208.866
2026-01-07T04:21:00,194.253
2026-01-07T04:22:00,194.588
2026-01-07T04:23:00,202.488
2026-01-07T04:24:00,206.661
2026-01-07T04:25:00,200.853
2026-01-07T04:26:00,204.025
2026-01-07T04:27:00,191.978
2026-01-07T04:28:00,197.896
2026-01-07T04:29:00,192.332
2026-01-07T04:30:00,202.883
2026-01-07T04:31:00,193.506
2026-01-07T04:32:00,194.517
2026-01-07T04:33:00,201.619
2026-01-07T04:34:00,203.744
2026-01-07T04:35:00,198.795
2026-01-07T04:36:00,201.647
2026-01-07T04:37:00,201.452
2026-01-07T04:38:00,198.374
2026-01-07T04:39:00,194.793
2026-01-07T04:40:00,201.368
2026-01-07T04:41:00,201.497
2026-01-07T04:42:00,202.558
2026-01-07T04:43:00,200.167
2026-01-07T04:44:00,194.183
2026-01-07T04:45:00,201.557
2026-01-07T04:46:00,198.730
2026-01-07T04:47:00,196.744
2026-01-07T04:48:00,197.437
2026-01-07T04:49:00,195.796
2026-01-07T04:50:00,202.054
2026-01-07T04:51:00,192.769
2026-01-07T04:52:00,194.411
2026-01-07T04:53:00,197.014
2026-01-07T04:54:00,204.729
2026-01-07T04:55:00,202.437
2026-01-07T04:56:00,191.603
2026-01-07T04:57:00,203.520
2026-01-07T04:58:00,203.461
2026-01-07T04:59:00,193.317
2026-01-07T05:00:00,187.877
2026-01-07T05:01:00,197.626
2026-01-07T05:02:00,202.357
2026-01-07T05:03:00,204.186
2026-01-07T05:04:00,194.292
2026-01-07T05:05:00,204.739
2026-01-07T05:06:00,188.777
2026-01-07T05:07:00,196.174
2026-01-07T05:08:00,195.937
2026-01-07T05:09:00,202.176
2026-01-07T05:10:00,202.721
2026-01-07T05:11:00,201.308
2026-01-07T05:12:00,192.053
2026-01-07T05:13:00,200.871
2026-01-07T05:14:00,199.423
2026-01-07T05:15:00,190.670
2026-01-07T05:16:00,189.056
2026-01-07T05:17:00,201.446
2026-01-07T05:18:00,196.546
2026-01-07T05:19:00,192.099
2026-01-07T05:20:00,196.381
2026-01-07T05:21:00,198.646
2026-01-07T05:22:00,196.836
2026-01-07T05:23:00,190.938
2026-01-07T05:24:00,204.668
2026-01-07T05:25:00,201.125
2026-01-07T05:26:00,195.749
2026-01-07T05:27:00,195.895
2026-01-07T05:28:00,198.499
2026-01-07T05:29:00,192.530
2026-01-07T05:30:00,198.328
2026-01-07T05:31:00,191.705
2026-01-07T05:32:00,196.737
2026-01-07T05:33:00,192.338
2026-01-07T05:34:00,192.535
2026-01-07T05:35:00,203.586
2026-01-07T05:36:00,197.238
2026-01-07T05:37:00,197.830
2026-01-07T05:38:00,188.955
2026-01-07T05:39:00,194.615
2026-01-07T05:40:00,856.967
2026-01-07T05:41:00,197.788
2026-01-07T05:42:00,188.402
2026-01-07T05:43:00,197.854
2026-01-07T05:44:00,198.501
2026-01-07T05:45:00,202.181
2026-01-07T05:46:00,194.438
2026-01-07T05:47:00,188.104
2026-01-07T05:48:00,193.100
2026-01-07T05:49:00,192.716
2026-01-07T05:50:00,200.069
2026-01-07T05:51:00,186.275
2026-01-07T05:52:00,195.370
2026-01-07T05:53:00,202.888
2026-01-07T05:54:00,197.238
2026-01-07T05:55:00,200.819
2026-01-07T05:56:00,190.694
2026-01-07T05:57:00,190.881
2026-01-07T05:58:00,203.067
2026-01-07T05:59:00,197.753
2026-01-07T06:00:00,197.793
2026-01-07T06:01:00,192.941
2026-01-07T06:02:00,197.851
2026-01-07T06:03:00,192.900
2026-01-07T06:04:00,202.268
2026-01-07T06:05:00,208.470
2026-01-07T06:06:00,199.533
2026-01-07T06:07:00,195.098
2026-01-07T06:08:00,187.545
2026-01-07T06:09:00,190.985
2026-01-07T06:10:00,203.986
2026-01-07T06:11:00,193.695
2026-01-07T06:12:00,196.375
2026-01-07T06:13:00,200.526
2026-01-07T06:14:00,203.882
2026-01-07T06:15:00,197.204
2026-01-07T06:16:00,196.434
2026-01-07T06:17:00,198.390
2026-01-07T06:18:00,195.646
2026-01-07T06:19:00,195.914
2026-01-07T06:20:00,199.911
2026-01-07T06:21:00,199.059
2026-01-07T06:22:00,206.900
2026-01-07T06:23:00,200.185
2026-01-07T06:24:00,203.092
2026-01-07T06:25:00,194.260
2026-01-07T06:26:00,200.704
2026-01-07T06:27:00,195.771
2026-01-07T06:28:00,200.305
2026-01-07T06:29:00,201.538
2026-01-07T06:30:00,199.044
2026-01-07T06:31:00,208.536
2026-01-07T06:32:00,204.681
2026-01-07T06:33:00,203.741
2026-01-07T06:34:00,202.152
2026-01-07T06:35:00,206.212
2026-01-07T06:36:00,193.475
2026-01-07T06:37:00,204.769
2026-01-07T06:38:00,195.388
2026-01-07T06:39:00,197.161
2026-01-07T06:40:00,201.729
2026-01-07T06:41:00,204.482
2026-01-07T06:42:00,195.001
2026-01-07T06:43:00,197.631
2026-01-07T06:44:00,200.138
2026-01-07T06:45:00,199.069
2026-01-07T06:46:00,203.297
2026-01-07T06:47:00,213.691
2026-01-07T06:48:00,201.691
2026-01-07T06:49:00,197.140
2026-01-07T06:50:00,194.961
2026-01-07T06:51:00,198.913
2026-01-07T06:52:00,196.519
2026-01-07T06:53:00,202.217
2026-01-07T06:54:00,202.221
2026-01-07T06:55:00,198.626
2026-01-07T06:56:00,208.484
2026-01-07T06:57:00,197.668
2026-01-07T06:58:00,200.197
2026-01-07T06:59:00,203.296
2026-01-07T07:00:00,204.372
2026-01-07T07:01:00,205.979
2026-01-07T07:02:00,202.646
2026-01-07T07:03:00,205.199
2026-01-07T07:04:00,198.397
2026-01-07T07:05:00,204.792
2026-01-07T07:06:00,204.800
2026-01-07T07:07:00,207.294
2026-01-07T07:08:00,194.629
2026-01-07T07:09:00,197.734
2026-01-07T07:10:00,204.714
2026-01-07T07:11:00,190.874
2026-01-07T07:12:00,814.154
2026-01-07T07:13:00,205.834
2026-01-07T07:14:00,199.345
2026-01-07T07:15:00,199.985
2026-01-07T07:16:00,197.464
2026-01-07T07:17:00,199.727
2026-01-07T07:18:00,199.896
2026-01-07T07:19:00,199.187
2026-01-07T07:20:00,199.018
2026-01-07T07:21:00,200.935
2026-01-07T07:22:00,200.935
2026-01-07T07:23:00,209.612
2026-01-07T07:24:00,200.585
2026-01-07T07:25:00,203.584
2026-01-07T07:26:00,199.945
2026-01-07T07:27:00,199.937
2026-01-07T07:28:00,195.521
2026-01-07T07:29:00,196.094
2026-01-07T07:30:00,197.591
2026-01-07T07:31:00,203.193
2026-01-07T07:32:00,206.800
2026-01-07T07:33:00,195.385
2026-01-07T07:34:00,200.371
2026-01-07T07:35:00,197.133
2026-01-07T07:36:00,201.577
2026-01-07T07:37:00,206.968
2026-01-07T07:38:00,200.907
2026-01-07T07:39:00,202.533
2026-01-07T07:40:00,208.572
2026-01-07T07:41:00,204.608
2026-01-07T07:42:00,199.761
2026-01-07T07:43:00,203.460
2026-01-07T07:44:00,199.536
2026-01-07T07:45:00,204.548
2026-01-07T07:46:00,204.947
2026-01-07T07:47:00,197.434
2026-01-07T07:48:00,203.620
2026-01-07T07:49:00,202.463
2026-01-07T07:50:00,205.126
2026-01-07T07:51:00,206.284
2026-01-07T07:52:00,204.879
2026-01-07T07:53:00,201.765
2026-01-07T07:54:00,206.719
2026-01-07T07:55:00,199.499
2026-01-07T07:56:00,197.713
2026-01-07T07:57:00,190.217
2026-01-07T07:58:00,202.719
2026-01-07T07:59:00,199.714
2026-01-07T08:00:00,204.589
2026-01-07T08:01:00,195.110
2026-01-07T08:02:00,200.402
2026-01-07T08:03:00,204.866
2026-01-07T08:04:00,198.858
2026-01-07T08:05:00,204.606
2026-01-07T08:06:00,200.730
2026-01-07T08:07:00,202.815
2026-01-07T08:08:00,205.314
2026-01-07T08:09:00,206.729
2026-01-07T08:10:00,203.272
2026-01-07T08:11:00,199.628
2026-01-07T08:12:00,201.033
2026-01-07T08:13:00,205.393
2026-01-07T08:14:00,198.738
2026-01-07T08:15:00,202.088
2026-01-07T08:16:00,201.232
2026-01-07T08:17:00,202.336
2026-01-07T08:18:00,198.685
2026-01-07T08:19:00,195.285
2026-01-07T08:20:00,204.746
2026-01-07T08:21:00,206.488
2026-01-07T08:22:00,195.431
2026-01-07T08:23:00,204.041
2026-01-07T08:24:00,206.863
2026-01-07T08:25:00,204.877
2026-01-07T08:26:00,200.789
2026-01-07T08:27:00,198.643
2026-01-07T08:28:00,202.701
2026-01-07T08:29:00,203.327
2026-01-07T08:30:00,202.677
2026-01-07T08:31:00,201.529
2026-01-07T08:32:00,197.875
2026-01-07T08:33:00,203.850
2026-01-07T08:34:00,203.996
2026-01-07T08:35:00,202.868
2026-01-07T08:36:00,202.460
2026-01-07T08:37:00,208.683
2026-01-07T08:38:00,199.418
2026-01-07T08:39:00,206.989
2026-01-07T08:40:00,198.875
2026-01-07T08:41:00,206.193
2026-01-07T08:42:00,206.636
2026-01-07T08:43:00,200.475
2026-01-07T08:44:00,208.235
2026-01-07T08:45:00,203.410
2026-01-07T08:46:00,197.968
2026-01-07T08:47:00,199.922
2026-01-07T08:48:00,205.890
2026-01-07T08:49:00,204.992
2026-01-07T08:50:00,197.007
2026-01-07T08:51:00,200.621
2026-01-07T08:52:00,201.930
2026-01-07T08:53:00,199.024
2026-01-07T08:54:00,210.423
2026-01-07T08:55:00,201.863
2026-01-07T08:56:00,200.618
2026-01-07T08:57:00,205.564
2026-01-07T08:58:00,199.275
2026-01-07T08:59:00,204.701
2026-01-07T09:00:00,193.935
2026-01-07T09:01:00,198.726
2026-01-07T09:02:00,204.672
2026-01-07T09:03:00,206.690
2026-01-07T09:04:00,197.250
2026-01-07T09:05:00,196.718
2026-01-07T09:06:00,202.480
2026-01-07T09:07:00,197.652
2026-01-07T09:08:00,199.003
2026-01-07T09:09:00,203.516
2026-01-07T09:10:00,197.767
2026-01-07T09:11:00,192.016
2026-01-07T09:12:00,194.606
2026-01-07T09:13:00,199.784
2026-01-07T09:14:00,192.224
2026-01-07T09:15:00,198.423
2026-01-07T09:16:00,193.977
2026-01-07T09:17:00,206.040
2026-01-07T09:18:00,208.075
2026-01-07T09:19:00,195.116
2026-01-07T09:20:00,200.311
2026-01-07T09:21:00,195.378
2026-01-07T09:22:00,197.918
2026-01-07T09:23:00,206.306
2026-01-07T09:24:00,197.162
2026-01-07T09:25:00,197.821
2026-01-07T09:26:00,195.133
2026-01-07T09:27:00,203.426
2026-01-07T09:28:00,185.727
2026-01-07T09:29:00,196.948
2026-01-07T09:30:00,198.476
2026-01-07T09:31:00,195.956
2026-01-07T09:32:00,201.996
2026-01-07T09:33:00,203.292
2026-01-07T09:34:00,192.779
2026-01-07T09:35:00,206.744
2026-01-07T09:36:00,192.622
2026-01-07T09:37:00,203.415
2026-01-07T09:38:00,198.806
2026-01-07T09:39:00,196.138
2026-01-07T09:40:00,196.464
2026-01-07T09:41:00,197.916
2026-01-07T09:42:00,198.833
2026-01-07T09:43:00,194.270
2026-01-07T09:44:00,196.967
2026-01-07T09:45:00,194.773
2026-01-07T09:46:00,192.949
2026-01-07T09:47:00,194.495
2026-01-07T09:48:00,193.120
2026-01-07T09:49:00,195.997
2026-01-07T09:50:00,199.366
2026-01-07T09:51:00,198.078
2026-01-07T09:52:00,205.454
2026-01-07T09:53:00,188.676
2026-01-07T09:54:00,199.359
2026-01-07T09:55:00,197.471
2026-01-07T09:56:00,200.674
2026-01-07T09:57:00,200.244
2026-01-07T09:58:00,196.687
2026-01-07T09:59:00,198.007
2026-01-07T10:00:00,194.311
2026-01-07T10:01:00,199.714
2026-01-07T10:02:00,189.717
2026-01-07T10:03:00,200.315
2026-01-07T10:04:00,197.091
2026-01-07T10:05:00,195.214
2026-01-07T10:06:00,196.211
2026-01-07T10:07:00,196.485
2026-01-07T10:08:00,202.293
2026-01-07T10:09:00,210.021
2026-01-07T10:10:00,201.951
2026-01-07T10:11:00,194.796
2026-01-07T10:12:00,199.565
2026-01-07T10:13:00,199.728
2026-01-07T10:14:00,193.325
2026-01-07T10:15:00,191.974
2026-01-07T10:16:00,196.758
2026-01-07T10:17:00,200.237
2026-01-07T10:18:00,190.555
2026-01-07T10:19:00,194.117
2026-01-07T10:20:00,199.291
2026-01-07T10:21:00,197.168
2026-01-07T10:22:00,202.669
2026-01-07T10:23:00,808.501
2026-01-07T10:24:00,206.421
2026-01-07T10:25:00,190.868
2026-01-07T10:26:00,188.911
2026-01-07T10:27:00,196.802
2026-01-07T10:28:00,192.511
2026-01-07T10:29:00,196.907
2026-01-07T10:30:00,196.781
2026-01-07T10:31:00,196.309
2026-01-07T10:32:00,193.739
2026-01-07T10:33:00,198.858
2026-01-07T10:34:00,195.878
2026-01-07T10:35:00,201.583
2026-01-07T10:36:00,196.470
2026-01-07T10:37:00,193.357
2026-01-07T10:38:00,190.490
2026-01-07T10:39:00,196.579
2026-01-07T10:40:00,192.219
2026-01-07T10:41:00,191.926
2026-01-07T10:42:00,199.466
2026-01-07T10:43:00,190.278
2026-01-07T10:44:00,203.071
2026-01-07T10:45:00,198.096
2026-01-07T10:46:00,197.317
2026-01-07T10:47:00,193.391
2026-01-07T10:48:00,200.626
2026-01-07T10:49:00,197.596
2026-01-07T10:50:00,194.904
2026-01-07T10:51:00,198.490
2026-01-07T10:52:00,191.003
2026-01-07T10:53:00,191.237
2026-01-07T10:54:00,193.343
2026-01-07T10:55:00,199.268
2026-01-07T10:56:00,197.904
2026-01-07T10:57:00,202.162
2026-01-07T10:58:00,194.335
2026-01-07T10:59:00,200.364
2026-01-07T11:00:00,197.662
2026-01-07T11:01:00,194.397
2026-01-07T11:02:00,199.764
2026-01-07T11:03:00,198.013
2026-01-07T11:04:00,195.816
2026-01-07T11:05:00,198.556
2026-01-07T11:06:00,197.926
2026-01-07T11:07:00,197.887
2026-01-07T11:08:00,196.910
2026-01-07T11:09:00,193.399
2026-01-07T11:10:00,198.977
2026-01-07T11:11:00,787.472
2026-01-07T11:12:00,194.718
2026-01-07T11:13:00,197.898
2026-01-07T11:14:00,201.859
2026-01-07T11:15:00,199.728
2026-01-07T11:16:00,196.923
2026-01-07T11:17:00,196.826
2026-01-07T11:18:00,201.719
2026-01-07T11:19:00,189.653
2026-01-07T11:20:00,202.494
2026-01-07T11:21:00,191.873
2026-01-07T11:22:00,193.773
2026-01-07T11:23:00,197.443
2026-01-07T11:24:00,208.247
2026-01-07T11:25:00,206.342
2026-01-07T11:26:00,202.524
2026-01-07T11:27:00,201.191
2026-01-07T11:28:00,192.382
2026-01-07T11:29:00,200.525
2026-01-07T11:30:00,197.768
2026-01-07T11:31:00,196.765
2026-01-07T11:32:00,200.717
2026-01-07T11:33:00,198.280
2026-01-07T11:34:00,203.708
2026-01-07T11:35:00,192.554
2026-01-07T11:36:00,200.664
2026-01-07T11:37:00,196.913
2026-01-07T11:38:00,198.857
2026-01-07T11:39:00,201.780
2026-01-07T11:40:00,196.157
2026-01-07T11:41:00,201.349
2026-01-07T11:42:00,199.907
2026-01-07T11:43:00,198.178
2026-01-07T11:44:00,199.002
2026-01-07T11:45:00,200.330
2026-01-07T11:46:00,197.940
2026-01-07T11:47:00,201.102
2026-01-07T11:48:00,200.023
2026-01-07T11:49:00,198.752
2026-01-07T11:50:00,207.617
2026-01-07T11:51:00,202.979
2026-01-07T11:52:00,199.847
2026-01-07T11:53:00,202.020
2026-01-07T11:54:00,197.387
2026-01-07T11:55:00,199.805
2026-01-07T11:56:00,200.328
2026-01-07T11:57:00,196.677
2026-01-07T11:58:00,203.269
2026-01-07T11:59:00,199.751
2026-01-07T12:00:00,200.405
2026-01-07T12:01:00,199.605
2026-01-07T12:02:00,213.767
2026-01-07T12:03:00,199.331
2026-01-07T12:04:00,193.757
2026-01-07T12:05:00,195.680
2026-01-07T12:06:00,205.165
2026-01-07T12:07:00,207.520
2026-01-07T12:08:00,199.492
2026-01-07T12:09:00,207.379
2026-01-07T12:10:00,205.273
2026-01-07T12:11:00,201.591
2026-01-07T12:12:00,201.348
2026-01-07T12:13:00,203.153
2026-01-07T12:14:00,205.978
2026-01-07T12:15:00,204.094
2026-01-07T12:16:00,199.834
2026-01-07T12:17:00,201.879
2026-01-07T12:18:00,210.535
2026-01-07T12:19:00,203.647
2026-01-07T12:20:00,206.150
2026-01-07T12:21:00,204.862
2026-01-07T12:22:00,203.824
2026-01-07T12:23:00,203.192
2026-01-07T12:24:00,206.373
2026-01-07T12:25:00,205.682
2026-01-07T12:26:00,203.886
2026-01-07T12:27:00,200.076
2026-01-07T12:28:00,204.414
2026-01-07T12:29:00,202.622
2026-01-07T12:30:00,201.674
2026-01-07T12:31:00,213.638
2026-01-07T12:32:00,196.781
2026-01-07T12:33:00,206.784
2026-01-07T12:34:00,199.511
2026-01-07T12:35:00,203.496
2026-01-07T12:36:00,213.254
2026-01-07T12:37:00,199.137
2026-01-07T12:38:00,200.097
2026-01-07T12:39:00,202.926
2026-01-07T12:40:00,199.610
2026-01-07T12:41:00,206.536
2026-01-07T12:42:00,200.861
2026-01-07T12:43:00,205.614
2026-01-07T12:44:00,197.678
2026-01-07T12:45:00,195.762
2026-01-07T12:46:00,202.067
2026-01-07T12:47:00,196.701
2026-01-07T12:48:00,209.039
2026-01-07T12:49:00,196.836
2026-01-07T12:50:00,198.792
2026-01-07T12:51:00,204.584
2026-01-07T12:52:00,200.569
2026-01-07T12:53:00,196.824
2026-01-07T12:54:00,211.040
2026-01-07T12:55:00,198.854
2026-01-07T12:56:00,202.055
2026-01-07T12:57:00,201.981
2026-01-07T12:58:00,205.635
2026-01-07T12:59:00,824.345
2026-01-07T13:00:00,199.435
2026-01-07T13:01:00,201.411
2026-01-07T13:02:00,201.778
2026-01-07T13:03:00,205.651
2026-01-07T13:04:00,197.950
2026-01-07T13:05:00,210.663
2026-01-07T13:06:00,199.520
2026-01-07T13:07:00,202.486
2026-01-07T13:08:00,197.844
2026-01-07T13:09:00,197.253
2026-01-07T13:10:00,198.909
2026-01-07T13:11:00,198.484
2026-01-07T13:12:00,200.668
2026-01-07T13:13:00,198.366
2026-01-07T13:14:00,205.021
2026-01-07T13:15:00,199.062
2026-01-07T13:16:00,198.572
2026-01-07T13:17:00,200.529
2026-01-07T13:18:00,206.024
2026-01-07T13:19:00,202.863
2026-01-07T13:20:00,201.554
2026-01-07T13:21:00,196.170
2026-01-07T13:22:00,197.279
2026-01-07T13:23:00,196.683
2026-01-07T13:24:00,206.971
2026-01-07T13:25:00,203.811
2026-01-07T13:26:00,198.187
2026-01-07T13:27:00,199.319
2026-01-07T13:28:00,198.218
2026-01-07T13:29:00,197.918
2026-01-07T13:30:00,203.244
2026-01-07T13:31:00,200.194
2026-01-07T13:32:00,209.609
2026-01-07T13:33:00,206.225
2026-01-07T13:34:00,206.400
2026-01-07T13:35:00,203.786
2026-01-07T13:36:00,199.348
2026-01-07T13:37:00,203.367
2026-01-07T13:38:00,199.517
2026-01-07T13:39:00,207.369
2026-01-07T13:40:00,202.401
2026-01-07T13:41:00,201.769
2026-01-07T13:42:00,201.163
2026-01-07T13:43:00,207.551
2026-01-07T13:44:00,194.789
2026-01-07T13:45:00,207.811
2026-01-07T13:46:00,199.648
2026-01-07T13:47:00,194.702
2026-01-07T13:48:00,197.251
2026-01-07T13:49:00,193.590
2026-01-07T13:50:00,202.741
2026-01-07T13:51:00,195.907
2026-01-07T13:52:00,200.668
2026-01-07T13:53:00,204.464
2026-01-07T13:54:00,197.172
2026-01-07T13:55:00,198.721
2026-01-07T13:56:00,194.514
2026-01-07T13:57:00,198.107
2026-01-07T13:58:00,209.891
2026-01-07T13:59:00,202.640
2026-01-07T14:00:00,198.404
2026-01-07T14:01:00,196.951
2026-01-07T14:02:00,199.162
2026-01-07T14:03:00,199.788
2026-01-07T14:04:00,197.527
2026-01-07T14:05:00,201.259
2026-01-07T14:06:00,195.262
2026-01-07T14:07:00,195.179
2026-01-07T14:08:00,200.430
2026-01-07T14:09:00,194.213
2026-01-07T14:10:00,201.742
2026-01-07T14:11:00,198.708
2026-01-07T14:12:00,191.393
2026-01-07T14:13:00,199.082
2026-01-07T14:14:00,191.845
2026-01-07T14:15:00,201.300
2026-01-07T14:16:00,197.474
2026-01-07T14:17:00,205.817
2026-01-07T14:18:00,202.641
2026-01-07T14:19:00,194.058
2026-01-07T14:20:00,190.163
2026-01-07T14:21:00,195.172
2026-01-07T14:22:00,193.255
2026-01-07T14:23:00,205.391
2026-01-07T14:24:00,197.996
2026-01-07T14:25:00,201.721
2026-01-07T14:26:00,196.798
2026-01-07T14:27:00,197.172
2026-01-07T14:28:00,197.713
2026-01-07T14:29:00,202.224
2026-01-07T14:30:00,198.999
2026-01-07T14:31:00,193.480
2026-01-07T14:32:00,204.157
2026-01-07T14:33:00,196.454
2026-01-07T14:34:00,195.763
2026-01-07T14:35:00,186.228
2026-01-07T14:36:00,200.046
2026-01-07T14:37:00,197.876
2026-01-07T14:38:00,197.836
2026-01-07T14:39:00,195.791
2026-01-07T14:40:00,195.069
2026-01-07T14:41:00,195.860
2026-01-07T14:42:00,199.161
2026-01-07T14:43:00,199.836
2026-01-07T14:44:00,196.328
2026-01-07T14:45:00,201.022
2026-01-07T14:46:00,196.886
2026-01-07T14:47:00,195.161
2026-01-07T14:48:00,197.950
2026-01-07T14:49:00,191.698
2026-01-07T14:50:00,198.047
2026-01-07T14:51:00,190.930
2026-01-07T14:52:00,192.972
2026-01-07T14:53:00,188.993
2026-01-07T14:54:00,196.354
2026-01-07T14:55:00,203.481
2026-01-07T14:56:00,196.564
2026-01-07T14:57:00,199.597
2026-01-07T14:58:00,206.425
2026-01-07T14:59:00,198.626
2026-01-07T15:00:00,193.944
2026-01-07T15:01:00,194.492
2026-01-07T15:02:00,197.003
2026-01-07T15:03:00,194.469
2026-01-07T15:04:00,194.769
2026-01-07T15:05:00,200.945
2026-01-07T15:06:00,201.113
2026-01-07T15:07:00,190.427
2026-01-07T15:08:00,193.749
2026-01-07T15:09:00,195.174
2026-01-07T15:10:00,199.437
2026-01-07T15:11:00,201.625
2026-01-07T15:12:00,207.873
2026-01-07T15:13:00,195.217
2026-01-07T15:14:00,195.433
2026-01-07T15:15:00,199.468
2026-01-07T15:16:00,194.403
2026-01-07T15:17:00,196.589
2026-01-07T15:18:00,195.514
2026-01-07T15:19:00,186.711
2026-01-07T15:20:00,197.715
2026-01-07T15:21:00,196.518
2026-01-07T15:22:00,202.360
2026-01-07T15:23:00,197.325
2026-01-07T15:24:00,192.314
2026-01-07T15:25:00,196.332
2026-01-07T15:26:00,189.033
2026-01-07T15:27:00,192.587
2026-01-07T15:28:00,200.008
2026-01-07T15:29:00,196.513
2026-01-07T15:30:00,201.230
2026-01-07T15:31:00,189.711
2026-01-07T15:32:00,858.349
2026-01-07T15:33:00,195.757
2026-01-07T15:34:00,201.525
2026-01-07T15:35:00,200.436
2026-01-07T15:36:00,200.359
2026-01-07T15:37:00,204.001
2026-01-07T15:38:00,196.410
2026-01-07T15:39:00,203.270
2026-01-07T15:40:00,193.802
2026-01-07T15:41:00,193.705
2026-01-07T15:42:00,201.090
2026-01-07T15:43:00,192.112
2026-01-07T15:44:00,200.474
2026-01-07T15:45:00,198.642
2026-01-07T15:46:00,202.578
2026-01-07T15:47:00,198.108
2026-01-07T15:48:00,198.626
2026-01-07T15:49:00,200.496
2026-01-07T15:50:00,195.866
2026-01-07T15:51:00,195.750
2026-01-07T15:52:00,200.532
2026-01-07T15:53:00,198.577
2026-01-07T15:54:00,197.125
2026-01-07T15:55:00,198.484
2026-01-07T15:56:00,205.255
2026-01-07T15:57:00,197.167
2026-01-07T15:58:00,197.113
2026-01-07T15:59:00,192.235
2026-01-07T16:00:00,198.958
2026-01-07T16:01:00,201.819
2026-01-07T16:02:00,202.601
2026-01-07T16:03:00,199.754
2026-01-07T16:04:00,203.209
2026-01-07T16:05:00,202.376
2026-01-07T16:06:00,203.969
2026-01-07T16:07:00,203.520
2026-01-07T16:08:00,205.929
2026-01-07T16:09:00,199.037
2026-01-07T16:10:00,194.474
2026-01-07T16:11:00,202.503
2026-01-07T16:12:00,203.037
2026-01-07T16:13:00,206.262
2026-01-07T16:14:00,205.174
2026-01-07T16:15:00,207.897
2026-01-07T16:16:00,202.661
2026-01-07T16:17:00,201.163
2026-01-07T16:18:00,194.775
2026-01-07T16:19:00,201.613
2026-01-07T16:20:00,198.237
2026-01-07T16:21:00,201.359
2026-01-07T16:22:00,200.796
2026-01-07T16:23:00,202.530
2026-01-07T16:24:00,200.319
2026-01-07T16:25:00,204.513
2026-01-07T16:26:00,189.945
2026-01-07T16:27:00,201.661
2026-01-07T16:28:00,205.774
2026-01-07T16:29:00,208.507
2026-01-07T16:30:00,204.017
2026-01-07T16:31:00,207.891
2026-01-07T16:32:00,201.888
2026-01-07T16:33:00,201.285
2026-01-07T16:34:00,203.451
2026-01-07T16:35:00,201.380
2026-01-07T16:36:00,198.322
2026-01-07T16:37:00,199.449
2026-01-07T16:38:00,197.118
2026-01-07T16:39:00,203.737
2026-01-07T16:40:00,1009.483
2026-01-07T16:41:00,200.293
2026-01-07T16:42:00,199.521
2026-01-07T16:43:00,203.861
2026-01-07T16:44:00,205.015
2026-01-07T16:45:00,197.422
2026-01-07T16:46:00,196.844
2026-01-07T16:47:00,205.862
2026-01-07T16:48:00,196.592
2026-01-07T16:49:00,204.329
2026-01-07T16:50:00,208.653
2026-01-07T16:51:00,208.708
2026-01-07T16:52:00,205.226
2026-01-07T16:53:00,205.153
2026-01-07T16:54:00,211.367
2026-01-07T16:55:00,193.062
2026-01-07T16:56:00,200.582
2026-01-07T16:57:00,205.872
2026-01-07T16:58:00,201.165
2026-01-07T16:59:00,207.509
2026-01-07T17:00:00,202.427
2026-01-07T17:01:00,203.145
2026-01-07T17:02:00,201.551
2026-01-07T17:03:00,200.590
2026-01-07T17:04:00,200.521
2026-01-07T17:05:00,203.822
2026-01-07T17:06:00,199.666
2026-01-07T17:07:00,206.602
2026-01-07T17:08:00,205.426
2026-01-07T17:09:00,207.233
2026-01-07T17:10:00,198.341
2026-01-07T17:11:00,196.079
2026-01-07T17:12:00,202.878
2026-01-07T17:13:00,214.507
2026-01-07T17:14:00,207.992
2026-01-07T17:15:00,200.723
2026-01-07T17:16:00,204.651
2026-01-07T17:17:00,205.875
2026-01-07T17:18:00,197.500
2026-01-07T17:19:00,208.460
2026-01-07T17:20:00,202.319
2026-01-07T17:21:00,202.631
2026-01-07T17:22:00,203.092
2026-01-07T17:23:00,207.577
2026-01-07T17:24:00,199.979
2026-01-07T17:25:00,196.171
2026-01-07T17:26:00,204.289
2026-01-07T17:27:00,194.819
2026-01-07T17:28:00,201.783
2026-01-07T17:29:00,207.729
2026-01-07T17:30:00,760.296
2026-01-07T17:31:00,207.133
2026-01-07T17:32:00,205.434
2026-01-07T17:33:00,212.581
2026-01-07T17:34:00,200.573
2026-01-07T17:35:00,204.503
2026-01-07T17:36:00,201.141
2026-01-07T17:37:00,206.702
2026-01-07T17:38:00,202.609
2026-01-07T17:39:00,209.709
2026-01-07T17:40:00,200.688
2026-01-07T17:41:00,208.416
2026-01-07T17:42:00,205.135
2026-01-07T17:43:00,202.606
2026-01-07T17:44:00,204.877
2026-01-07T17:45:00,203.723
2026-01-07T17:46:00,204.071
2026-01-07T17:47:00,201.788
2026-01-07T17:48:00,199.776
2026-01-07T17:49:00,201.207
2026-01-07T17:50:00,195.779
2026-01-07T17:51:00,205.842
2026-01-07T17:52:00,197.496
2026-01-07T17:53:00,201.526
2026-01-07T17:54:00,204.948
2026-01-07T17:55:00,205.672
2026-01-07T17:56:00,195.173
2026-01-07T17:57:00,201.860
2026-01-07T17:58:00,204.021
2026-01-07T17:59:00,202.344
2026-01-07T18:00:00,207.464
2026-01-07T18:01:00,198.753
2026-01-07T18:02:00,193.794
2026-01-07T18:03:00,205.181
2026-01-07T18:04:00,199.740
2026-01-07T18:05:00,194.802
2026-01-07T18:06:00,201.149
2026-01-07T18:07:00,206.651
2026-01-07T18:08:00,196.621
2026-01-07T18:09:00,210.963
2026-01-07T18:10:00,198.211
2026-01-07T18:11:00,201.853
2026-01-07T18:12:00,196.570
2026-01-07T18:13:00,201.554
2026-01-07T18:14:00,200.794
2026-01-07T18:15:00,195.310
2026-01-07T18:16:00,212.511
2026-01-07T18:17:00,199.165
2026-01-07T18:18:00,199.107
2026-01-07T18:19:00,204.898
2026-01-07T18:20:00,208.216
2026-01-07T18:21:00,205.402
2026-01-07T18:22:00,196.027
2026-01-07T18:23:00,201.623
2026-01-07T18:24:00,849.788
2026-01-07T18:25:00,204.245
2026-01-07T18:26:00,194.032
2026-01-07T18:27:00,197.294
2026-01-07T18:28:00,200.429
2026-01-07T18:29:00,202.155
2026-01-07T18:30:00,199.265
2026-01-07T18:31:00,206.319
2026-01-07T18:32:00,203.069
2026-01-07T18:33:00,202.689
2026-01-07T18:34:00,195.125
2026-01-07T18:35:00,206.774
2026-01-07T18:36:00,196.697
2026-01-07T18:37:00,206.793
2026-01-07T18:38:00,207.865
2026-01-07T18:39:00,201.761
2026-01-07T18:40:00,203.772
2026-01-07T18:41:00,187.246
2026-01-07T18:42:00,198.732
2026-01-07T18:43:00,203.855
2026-01-07T18:44:00,203.079
2026-01-07T18:45:00,194.437
2026-01-07T18:46:00,198.076
2026-01-07T18:47:00,189.041
2026-01-07T18:48:00,200.775
2026-01-07T18:49:00,191.526
2026-01-07T18:50:00,203.518
2026-01-07T18:51:00,203.664
2026-01-07T18:52:00,196.974
2026-01-07T18:53:00,200.895
2026-01-07T18:54:00,197.881
2026-01-07T18:55:00,199.656
2026-01-07T18:56:00,194.040
2026-01-07T18:57:00,201.060
2026-01-07T18:58:00,191.947
2026-01-07T18:59:00,191.135
2026-01-07T19:00:00,197.910
2026-01-07T19:01:00,197.497
2026-01-07T19:02:00,199.376
2026-01-07T19:03:00,195.634
2026-01-07T19:04:00,205.722
2026-01-07T19:05:00,198.769
2026-01-07T19:06:00,199.006
2026-01-07T19:07:00,198.813
2026-01-07T19:08:00,201.986
2026-01-07T19:09:00,200.230
2026-01-07T19:10:00,199.646
2026-01-07T19:11:00,200.775
2026-01-07T19:12:00,190.488
2026-01-07T19:13:00,190.594
2026-01-07T19:14:00,197.394
2026-01-07T19:15:00,196.865
2026-01-07T19:16:00,199.934
2026-01-07T19:17:00,197.655
2026-01-07T19:18:00,199.864
2026-01-07T19:19:00,192.517
2026-01-07T19:20:00,197.420
2026-01-07T19:21:00,192.064
2026-01-07T19:22:00,198.942
2026-01-07T19:23:00,189.849
2026-01-07T19:24:00,198.724
2026-01-07T19:25:00,191.425
2026-01-07T19:26:00,195.738
2026-01-07T19:27:00,200.825
2026-01-07T19:28:00,198.129
2026-01-07T19:29:00,190.613
2026-01-07T19:30:00,194.483
2026-01-07T19:31:00,191.145
2026-01-07T19:32:00,190.352
2026-01-07T19:33:00,197.583
2026-01-07T19:34:00,199.336
2026-01-07T19:35:00,198.841
2026-01-07T19:36:00,199.475
2026-01-07T19:37:00,197.004
2026-01-07T19:38:00,195.946
2026-01-07T19:39:00,192.737
2026-01-07T19:40:00,871.732
2026-01-07T19:41:00,191.728
2026-01-07T19:42:00,193.628
2026-01-07T19:43:00,197.360
2026-01-07T19:44:00,196.530
2026-01-07T19:45:00,209.259
2026-01-07T19:46:00,191.617
2026-01-07T19:47:00,196.502
2026-01-07T19:48:00,191.310
2026-01-07T19:49:00,195.459
2026-01-07T19:50:00,195.628
2026-01-07T19:51:00,200.403
2026-01-07T19:52:00,195.234
2026-01-07T19:53:00,196.278
2026-01-07T19:54:00,195.334
2026-01-07T19:55:00,191.465
2026-01-07T19:56:00,194.476
2026-01-07T19:57:00,195.573
2026-01-07T19:58:00,197.413
2026-01-07T19:59:00,199.373
2026-01-07T20:00:00,196.220
2026-01-07T20:01:00,196.171
2026-01-07T20:02:00,190.320
2026-01-07T20:03:00,199.387
2026-01-07T20:04:00,194.471
2026-01-07T20:05:00,200.271
2026-01-07T20:06:00,202.577
2026-01-07T20:07:00,196.589
2026-01-07T20:08:00,193.279
2026-01-07T20:09:00,197.339
2026-01-07T20:10:00,198.834
2026-01-07T20:11:00,196.213
2026-01-07T20:12:00,195.255
2026-01-07T20:13:00,199.804
2026-01-07T20:14:00,199.579
2026-01-07T20:15:00,196.244
2026-01-07T20:16:00,191.054
2026-01-07T20:17:00,199.538
2026-01-07T20:18:00,194.687
2026-01-07T20:19:00,198.659
2026-01-07T20:20:00,198.452
2026-01-07T20:21:00,190.338
2026-01-07T20:22:00,198.266
2026-01-07T20:23:00,200.049
2026-01-07T20:24:00,200.590
2026-01-07T20:25:00,198.562
2026-01-07T20:26:00,190.235
2026-01-07T20:27:00,203.305
2026-01-07T20:28:00,199.895
2026-01-07T20:29:00,193.492
2026-01-07T20:30:00,195.210
2026-01-07T20:31:00,199.342
2026-01-07T20:32:00,201.193
2026-01-07T20:33:00,196.580
2026-01-07T20:34:00,201.892
2026-01-07T20:35:00,191.478
2026-01-07T20:36:00,194.539
2026-01-07T20:37:00,190.512
2026-01-07T20:38:00,195.241
2026-01-07T20:39:00,204.925
2026-01-07T20:40:00,207.186
2026-01-07T20:41:00,199.956
2026-01-07T20:42:00,196.527
2026-01-07T20:43:00,1018.890
2026-01-07T20:44:00,201.102
2026-01-07T20:45:00,193.021
2026-01-07T20:46:00,197.048
2026-01-07T20:47:00,205.142
2026-01-07T20:48:00,195.286
2026-01-07T20:49:00,196.538
2026-01-07T20:50:00,199.653
2026-01-07T20:51:00,200.799
2026-01-07T20:52:00,197.233
2026-01-07T20:53:00,200.107
2026-01-07T20:54:00,202.297
2026-01-07T20:55:00,207.778
2026-01-07T20:56:00,199.494
2026-01-07T20:57:00,199.900
2026-01-07T20:58:00,206.242
2026-01-07T20:59:00,198.002
2026-01-07T21:00:00,194.968
2026-01-07T21:01:00,201.333
2026-01-07T21:02:00,204.702
2026-01-07T21:03:00,201.908
2026-01-07T21:04:00,200.141
2026-01-07T21:05:00,194.801
2026-01-07T21:06:00,200.427
2026-01-07T21:07:00,205.658
2026-01-07T21:08:00,195.853
2026-01-07T21:09:00,199.875
2026-01-07T21:10:00,199.367
2026-01-07T21:11:00,198.190
2026-01-07T21:12:00,202.035
2026-01-07T21:13:00,202.879
2026-01-07T21:14:00,202.899
2026-01-07T21:15:00,197.321
2026-01-07T21:16:00,194.705
2026-01-07T21:17:00,202.398
2026-01-07T21:18:00,199.384
2026-01-07T21:19:00,208.820
2026-01-07T21:20:00,209.062
2026-01-07T21:21:00,209.544
2026-01-07T21:22:00,197.877
2026-01-07T21:23:00,203.970
2026-01-07T21:24:00,205.231
2026-01-07T21:25:00,204.835
2026-01-07T21:26:00,200.437
2026-01-07T21:27:00,207.023
2026-01-07T21:28:00,201.959
2026-01-07T21:29:00,202.520
2026-01-07T21:30:00,195.905
2026-01-07T21:31:00,204.683
2026-01-07T21:32:00,201.110
2026-01-07T21:33:00,895.171
2026-01-07T21:34:00,203.183
2026-01-07T21:35:00,203.010
2026-01-07T21:36:00,202.146
2026-01-07T21:37:00,205.516
2026-01-07T21:38:00,201.615
2026-01-07T21:39:00,196.628
2026-01-07T21:40:00,204.763
2026-01-07T21:41:00,199.288
2026-01-07T21:42:00,197.262
2026-01-07T21:43:00,198.504
2026-01-07T21:44:00,203.760
2026-01-07T21:45:00,202.272
2026-01-07T21:46:00,194.157
2026-01-07T21:47:00,201.182
2026-01-07T21:48:00,207.422
2026-01-07T21:49:00,200.966
2026-01-07T21:50:00,202.134
2026-01-07T21:51:00,206.991
2026-01-07T21:52:00,206.023
2026-01-07T21:53:00,206.949
2026-01-07T21:54:00,191.791
2026-01-07T21:55:00,209.833
2026-01-07T21:56:00,205.461
2026-01-07T21:57:00,212.776
2026-01-07T21:58:00,199.815
2026-01-07T21:59:00,195.902
2026-01-07T22:00:00,202.996
2026-01-07T22:01:00,201.874
2026-01-07T22:02:00,205.598
2026-01-07T22:03:00,207.290
2026-01-07T22:04:00,202.645
2026-01-07T22:05:00,202.035
2026-01-07T22:06:00,205.091
2026-01-07T22:07:00,201.975
2026-01-07T22:08:00,201.639
2026-01-07T22:09:00,207.145
2026-01-07T22:10:00,208.031
2026-01-07T22:11:00,207.322
2026-01-07T22:12:00,202.306
2026-01-07T22:13:00,194.412
2026-01-07T22:14:00,202.368
2026-01-07T22:15:00,199.917
2026-01-07T22:16:00,202.417
2026-01-07T22:17:00,200.237
2026-01-07T22:18:00,202.823
2026-01-07T22:19:00,198.732
2026-01-07T22:20:00,197.747
2026-01-07T22:21:00,207.741
2026-01-07T22:22:00,198.950
2026-01-07T22:23:00,202.807
2026-01-07T22:24:00,206.599
2026-01-07T22:25:00,206.413
2026-01-07T22:26:00,205.908
2026-01-07T22:27:00,203.911
2026-01-07T22:28:00,205.566
2026-01-07T22:29:00,208.132
2026-01-07T22:30:00,204.307
2026-01-07T22:31:00,195.224
2026-01-07T22:32:00,200.424
2026-01-07T22:33:00,205.288
2026-01-07T22:34:00,199.956
2026-01-07T22:35:00,208.907
2026-01-07T22:36:00,202.134
2026-01-07T22:37:00,202.686
2026-01-07T22:38:00,206.802
2026-01-07T22:39:00,201.529
